15.502363152774311,0.4898871050639892,1
-3.1403983820583417,-5.704307367885922,0
-6.06650908608691,-7.53231683905876,0
11.83343099776886,-0.12973246993723778,1
-1.696867253139828,-5.893879706812019,0
13.964007628288703,-0.8576196913397254,1
-0.08939891760387297,-4.578412101705402,0
-3.504912032260288,-8.98616587198222,0
-7.663891761053844,-5.520208383733676,0
-7.302539109707358,-1.8918078764560562,0
6.202209070149619,-1.0576668243696195,1
12.769558248028405,-2.2091408370535928,1
-8.585373232191143,-5.5196342992597875,0
8.745898409769653,-0.4380080135676919,1
0.7020651361705319,-7.091629625818716,0
-0.2270443100032593,-4.553146993695754,0
-8.005624833289257,-3.9760021248119446,0
-2.5722801065192646,-2.7314988848260557,0
-5.353317767040194,-2.133372036841755,0
13.749501073934962,0.037236732460631736,1
9.431905365844461,0.021533186315126778,1
5.585095305216335,-3.071360451759667,1
9.619826871918649,-1.7684143580876024,1
17.042874030070656,-1.9539542829383187,1
10.658224003836807,-2.362437593488885,1
-2.5558553418868346,-6.074078885488279,0
8.283534046573253,-0.6678544442688205,1
13.654169772052091,-1.3415095763722047,1
-2.4075552373214073,-10.110834498462697,0
-2.961450655928707,-6.814699402314252,0
-7.834407496710377,-3.6135975033188084,0
-6.214719613633445,-7.070066277907098,0
2.7106814447512937,-5.022220036633539,0
7.538613509151997,-1.2792985467806808,1
-0.5784494861538279,-11.305765051916516,0
4.124896141515051,1.9609725591090008,1
10.542672339489506,2.9145063327921883,1
-5.740197659967697,-7.5339240830411365,0
12.56518849892991,-0.5065908971884177,1
-2.74726734078257,-5.934178537198554,0
4.737635681572713,1.6361148244421688,1
11.142256906158655,2.2509305460314675,1
10.652073362412008,1.5794810705612081,1
-3.100797601384114,-4.4659428997103845,0
-3.7853901134554726,-8.2440261910233,0
-7.544618479541648,-5.963408139605236,0
10.742930915017626,1.4826908068482036,1
-7.681438811363726,-6.238307983568082,0
-1.7946768907662864,-6.338731561341645,0
5.1617698002523476,-1.0558238869197585,1
-1.1177893810177726,-8.254403129135005,0
-4.765922944979307,-8.45212108766168,0
-7.486948521247767,-4.425656600553796,0
0.28892370635200937,-5.532461235518416,0
-2.652110064481224,-2.1081859129538367,0
-1.2486291245249483,-5.528716029630496,0
1.1661368663096106,-7.774191355073566,0
-6.457588459481146,-5.760250773654525,0
-7.6196490966233,-7.38975550444354,0
-8.134506966641368,-6.005365863782238,0
-4.606407844130533,-1.348011189461385,1
12.959526161879943,-2.5054939173465227,1
14.82822211271877,2.023361776232104,1
-4.462104570956351,-5.671519867849887,0
-2.5645300900509174,-8.836629841972453,0
-3.2176264455485484,-8.721449423989128,0
-3.946427898882842,-1.3729736689224126,0
-5.6015247044047305,-5.910924149261773,0
-4.855919916826744,-5.637515142643076,0
13.807367468519093,-2.6705274833980264,1
-0.5369312314662689,-2.464162120229317,0
-6.490971408677185,-9.077166599761519,0
2.2298189972042417,2.9168727133284293,1
-4.200020685334346,-6.6245728405455075,0
-3.898241298368287,-3.181171466757378,0
-6.201987753526874,-5.91287524890523,0
-1.1884548388646188,-2.3241107586588168,1
9.514221718227006,-1.445639123875821,1
14.557396226740728,2.3308919277275786,1
-6.300747580451948,-9.214791105677408,0
-4.021186727342347,-9.175575876548232,0
-4.215571353233693,-5.153550661607221,0
3.332508081552727,-5.212436843428352,1
6.447273025590183,0.35830698913570946,1
-2.406798582725498,-6.081716755607084,0
7.876988070532347,-0.8731349363849302,1
15.415420653981162,-2.7598444305060252,1
6.146900595452395,-1.7079229360530523,1
6.996854416414522,3.46045737505132,1
11.772915180636964,2.8953716131290497,1
11.61970869733327,-2.4532363466810314,1
6.548191592018405,-0.3187735763634573,1
-3.387302639518044,-10.341541479831008,0
16.07047901554009,1.8077524000308989,1
-2.5237158423642394,-6.285494750314516,0
12.361359994365504,-1.7974090045917253,1
22.808395527879302,-1.8140202455199659,1
16.11119254245017,0.24972196687528925,1
1.3379424595357268,-0.1498281450514089,1
-5.09726423412571,-1.7396294856571357,0
-4.359744237790003,-4.9641240446412,0
5.920359228694631,-1.8218120764137962,1
7.206169427306693,1.416283034022859,1
-1.2491047413979124,-6.746557570193375,0
-3.20432341645417,-8.789616944050529,0
-2.790932483035961,-8.140162139776862,0
-7.712914366496264,-6.623958734293469,0
-3.1050341573845506,1.8513965747600345,0
-5.08628427908602,-8.265726775498916,0
-1.0255851373221194,-6.917589997704703,0
3.1161395154618683,-0.3406501457104577,1
-4.570147655334924,-6.913816504654909,0
12.83573778748957,-0.09761902257944836,1
5.180524329576297,-0.6980709907025836,1
8.882032319260617,0.1032985241967102,1
21.950040358755782,-0.1775870663396159,1
7.7407983046519195,-1.6891495176181177,1
-0.5271832579219105,-2.3606633602725817,1
1.8933807268449296,-5.785332759421902,0
14.159737666732564,0.07244840963472947,1
3.341387302942225,-2.6736165140985984,1
0.5936187378464508,-8.258422505979897,0
-2.068171201826321,-7.032453443612692,0
6.232087828515785,1.3148720560644431,1
15.505772721148869,-0.3105948095829134,1
-4.47034251630438,-7.344722886648556,0
14.678149664181912,1.7661723089517003,1
-3.6752539151339256,-7.421735046151664,0
3.469154185870722,-0.33121765752679205,1
-6.391582280343548,-7.2433757698283525,0
-3.9387219916907537,-6.403041402169987,0
5.144695147270241,-0.8744662243658122,1
-1.4798604565128062,-4.411001743847702,0
-5.685781663114092,-2.7494159157656988,0
-0.5009907001022449,-7.769667977750988,0
10.111359847062827,-0.9117180276644186,1
-5.404366839477414,-6.448930810017584,0
1.9799119686705344,-5.8677079375200405,0
-2.6090259714129234,-6.1559584670285705,0
-3.5577852965847487,-8.423625430113088,0
-6.528744584296558,-8.906904981660523,0
-3.439215785902946,-6.879884487721674,0
-2.3293135680264436,-4.157774336484237,0
8.427045528114055,-1.4412564098019043,1
13.913343214058782,1.96387953702944,1
0.20235441587531255,-3.9088869890714912,0
10.9199397190436,3.013745678493427,1
-2.7038529722245705,-7.952944385867716,0
4.9672328828226116,-1.2542697220406032,1
8.94175926021047,-2.794709179453,1
8.443068123139481,0.469216985463432,1
12.799093191630899,-1.8493115683679824,1
-3.3698078263600753,-6.5467993865757625,0
1.7188159685571378,1.0535805511282545,1
-3.390268492183229,-8.151360063681537,0
11.108715236224459,-1.3077230180657105,1
-3.779424361244358,-5.994622615004138,0
13.766948115899961,-1.8884859806788676,1
-3.1948826212257773,-5.825669976116567,0
-5.209977344440867,-3.7759354151213294,0
15.282124393037927,-0.6743893738564066,1
-6.486638823909549,-10.150977025884693,0
3.566623358811957,-0.9073297241877247,1
6.160938892403443,-2.316041569540555,1
-2.383435800946181,-4.034611211207315,0
0.3999448624929727,-7.0742224604456805,0
10.796008250205166,-0.5616150472754421,1
8.354734901438103,-0.8395359004501474,1
9.5616385280503,2.479054584135724,1
7.229235712549607,-0.17430419617471243,1
5.170408280057263,-0.9689835779589713,1
8.689149266759914,0.3978972717452515,1
7.138552790163624,-3.0175440197072017,1
8.650652372784808,0.5224195839139577,1
9.552279551826551,4.82980559634345,1
-9.033591678515588,1.5560349809846583,0
-4.019092995708369,-6.166952338552298,0
-10.082700602481466,-2.969575762821252,0
-3.833265612807015,-6.88113444749611,0
-2.0861720617590045,1.4609488944633886,1
-0.36010714208597205,-3.2246898436250517,0
-7.748321865319587,-4.304038836330059,0
-4.5832677598892975,-1.8003164445652882,0
6.5067814778992386,2.8714572168311547,1
9.815550072126246,0.7681805920628099,1
11.931397146776165,0.036210015811005275,1
12.185593784410832,4.703151620005593,1
7.8847095987024165,-0.19255604241977328,1
12.215218525956345,0.06249959714186803,1
7.980689308039639,-3.513578501798154,1
15.322598539522229,-2.082592923419211,1
-5.652647787456786,-7.655513050148652,0
-2.0858941250307743,-4.502715118046458,0
6.768000953354301,0.47814193723847254,1
0.12191912072616429,-3.3081887376154673,0
-0.75335904242064,-5.552692792074291,0
7.513143369172979,-2.261237689096098,1
6.446787563360402,-0.32009431947930594,1
-1.206553010367597,-7.541308282334976,0
-7.456822895343832,-5.411177808721767,0
4.747270211882705,0.9610379238484233,1
12.237494252185648,-0.17649454130664835,1
16.703790865865596,-0.7857499550834228,1
-3.950663439579336,-5.348743081853976,0
-6.553095169971781,-5.834411306282876,0
5.841745020535627,2.464928538497481,1
13.474845305762548,3.6519508067391544,1
-3.5350842015152875,-5.183061192475971,0
7.374169535421703,-1.4548179410834785,1
17.625693604816618,-2.898577478470391,1
20.188371618054486,-0.9095668508533542,1
16.45855516185442,-1.889833744137042,1
0.7839834288557448,-2.625608037860909,0
13.187718935472184,3.0183548906599804,1
8.923901932031026,-0.9988479137431298,1
1.5831482584894792,-5.95244584048143,0
-6.437589664891824,-5.490258831953021,0
-2.5899538512802307,-5.072779839343239,0
0.4725301023965365,-4.004372961576507,0
6.395708341639381,2.39871006650079,1
-10.994618358098073,-7.2388650996602255,0
-1.1785288714509092,-3.4350175496334425,0
16.512129936109375,2.319468463246907,1
12.64000557617801,-1.6683500740005797,1
-2.9070115646781582,-4.145418529156528,0
-6.6144577981880115,-3.7765412940182688,0
4.618500040748572,0.9058271372222539,1
-3.3775732150077644,-5.956175419327308,0
-0.9580036173551059,-4.448666053444104,0
6.380584610626258,-0.12530513440756855,1
-11.469295244921103,-5.429271342100615,0
-5.6905624832279225,-7.965865519437864,0
2.2537995071393873,1.0406989007896457,1
15.911695676653922,0.010912697627242044,1
-4.048040547920631,-9.070991827039059,0
-8.407109222340377,-2.2284159038298337,0
-0.4740053826736985,-3.8780030307495874,0
-0.6587282549658138,1.8486649632710113,1
-3.870239964540298,-4.754047922681066,0
-3.6243240003117223,-2.693952311879758,0
12.192286205204539,1.1283921792348628,1
2.414081948569719,-2.3293973508860604,1
-3.4342272945749044,-7.12838862386217,0
5.042138373835722,0.21112235901025128,1
13.756423041978232,4.087884104745419,1
0.9151239924383319,3.3138340107761,1
11.405890176476944,-2.3365862151644907,1
-7.096836374040258,-5.101569984516301,0
-4.54894843596533,-8.237751884297875,0
-4.456883868788256,-5.545317352692888,0
-1.6219685454922108,-8.370444730144282,0
-8.117535580491326,-4.588616495599417,0
4.072146307674698,-0.7307578133175289,1
4.927067581008583,-2.536759866833361,0
-8.150793489069951,-3.50799351330843,0
5.413644027522162,0.37308118862294304,1
16.70442427962445,1.5911989677902585,1
-6.850681002834671,-3.5303394635528695,0
7.812357333894926,-3.185459244690979,1
6.658001856789742,1.8139120113880192,1
-4.534256547125458,-10.283677865528167,0
-3.3598615580604374,-5.498014003206088,0
-2.9012720674643866,-3.554020531906136,0
-1.13605142796384,-4.927377515822252,0
-0.7226478549265805,-4.204623289423604,0
-4.9149650985923365,-0.030080453250708322,1
4.726174008972567,2.1626001413413056,1
11.604902291204167,0.6191659097410901,1
-2.2771435282206145,-9.976809726178935,0
-1.6942420937679414,-5.722295423705184,0
1.2791505251797117,-6.490691478769826,0
16.82953750967343,-0.31480955518533377,1
-4.368341894655085,-3.733485124437835,0
-9.128599801883944,-9.523923274201994,0
-1.9158912767564305,-6.779897582452093,0
4.303241527807605,-0.27450732754319046,1
3.7260965090449316,-3.031665622724711,1
-6.423768460646221,-7.2987153060533645,0
-5.204265818890038,-4.955872253041486,0
-7.933842597280935,-8.154453152627974,0
-9.019328020994031,-5.637026250098177,0
22.260640928792615,-2.371486743996133,1
-4.205052101773951,-6.996943022780638,0
-2.591269380067773,-5.4396394105710195,0
-1.38373728896687,-3.350473289152488,1
16.724776069935277,-0.5504825275176981,1
8.738733022937687,0.23261564836568302,1
-4.64188621157829,-5.7085769844590235,0
10.667379621580064,1.9329378333280123,1
4.010459560009907,0.17365988221445244,1
0.8066792553003657,-5.804105636166829,0
7.07975098940403,-2.2644091795308414,1
-2.78887522536989,-5.004614998224806,0
15.876273404373116,3.9954730848098037,1
-7.983155051275111,-9.266334721173514,0
7.261409122023764,-5.686596380861505,1
9.215605866757047,-0.9416586902734285,1
12.743616154281748,-3.5411317889194476,1
-3.055389008811976,-6.99715567729657,0
-7.170011391548551,-4.510479589471499,0
-1.0335552966130073,-4.064707136678263,0
-7.008477089681842,-3.731376295281138,0
10.510228710651102,-0.4857222898015321,1
16.604831459135244,-1.6467527450820165,1
12.423399406336632,1.1716142084270318,1
-3.7129549937963637,-4.369649564217997,0
0.0012162657580132574,-7.222121928444333,0
10.011457383404426,-0.6010277964642999,1
6.027380041848119,-1.4433425522558219,1
7.048763546928772,1.7909907341260933,1
-4.57776348455753,-5.891534095117152,0
-0.19308139710047456,-1.279789717802263,1
-2.825670950982768,-7.349457346431756,0
-6.537090949855031,-5.760833212938477,0
6.734766121690905,2.377368836639297,1
-4.211805574306623,-10.60358554144592,0
8.123103722384773,2.8355594857047297,1
2.125002890161741,-0.4063186204795066,0
-7.447796492379338,-4.246678165018869,0
15.489865024587662,0.7518900308252912,1
-8.169747059514407,-5.125451879745252,0
-4.513982027285078,-4.985132972858086,0
7.610323584509736,-2.163760712795098,1
-5.528055920401767,-5.805680246519881,0
6.286594891198467,0.32543507712356906,1
11.276702777950378,-1.6461244053469377,1
-0.10014370651640014,1.8197803947495539,1
-0.1575737946945579,-9.503428232508513,0
11.282909374094325,0.30559550467184615,1
-5.1815586163519,-5.244791517933594,0
-8.809010326528899,-7.625144499931872,0
11.994376130597443,-0.808431620503256,1
-4.381711507237764,-3.4530053791900275,0
15.061287474569461,-0.5770449500911582,1
-0.9100720535035722,-8.284413264783083,0
-3.083006067505079,-8.70989550381431,0
8.926306938515596,-2.527378280005454,1
-12.501355378670747,-8.81146200271468,0
6.046943696721989,-2.822709059747874,1
-10.483844726840992,-2.157603217434177,0
17.19972477766352,3.7198187830364304,1
21.02350513182538,1.6060169180187813,1
4.46717165274943,-1.0589330595656037,1
-3.685654468332002,-8.132620069075948,0
8.028045721243874,-0.4157509004319769,1
14.856615846689472,0.7314275370619628,1
-5.930382201846275,-5.609701255013068,0
14.594412637227393,0.5801955584255193,1
-4.521104295035318,-5.837421241706755,0
13.171494850495275,2.704962844289355,1
-7.5991735121918875,-9.944284949120672,0
21.459402259582063,1.4914564613149233,1
-0.5148030322242105,-5.359513537548423,0
9.02658476724846,-0.29211056239640126,1
1.082887488789666,-4.778338126051077,0
7.094851306805454,2.4727829780228636,1
10.453757698803155,0.9385239974335589,1
-5.3546751806164075,-6.017962634944471,0
-3.9702367478905876,-4.049490268843215,0
-4.542945560457619,-7.067458544830096,0
12.759870854423896,0.2688258384528791,1
4.6596653576794935,2.340810880142199,1
-6.822155075213012,-7.782313350957835,0
11.213564147593225,2.1143986361168525,1
-5.9442148141140265,-6.8507861040710125,0
13.330373414396156,-0.66530076885022,1
-7.07302508124177,-5.135559783515623,0
14.26535014464298,-2.17778152729483,1
-5.56796447116546,-2.8646203598077067,0
11.614998053352528,0.1614631544929507,1
-3.381405781234885,-6.512467214373161,0
14.334095173646908,-3.765075196654201,1
14.590081443729947,-0.27411901646268166,1
15.938421840717133,-1.8012389158090607,1
11.793644316779712,-2.0856591188092204,1
-11.002268505932637,-6.97106269153088,0
0.09866291829515994,1.4405921993171718,1
-3.7635551800930185,-8.73041018751407,0
6.81802641031687,-3.4324248709171266,1
11.16376181445233,0.14089143719158842,1
4.8201945424822075,-1.2439892010138351,1
8.535480175789042,-0.02763196467937057,1
-8.351767528436142,-4.157791637256358,0
-0.9661151218155437,-4.091125460373799,0
-6.800582735046856,-7.243042727384212,0
-2.2431300907921785,-6.975568657344073,0
7.060357515739076,3.0108633272465437,1
2.8636579893093197,-4.944776238570311,0
-6.519840646999259,-7.974096042816052,0
11.476485249030114,0.6966722880458045,1
10.905748247386603,0.13796634939590796,1
14.648820125596632,2.561765369202586,1
-3.450899075515485,-2.935695817091932,0
-1.0727957172573697,-5.878338960971012,0
-5.84087983399196,-5.41060260650004,0
0.6097816173227466,-7.3412909765844505,0
0.5377870145850112,-5.987451201428593,0
-5.051933701555562,-4.829978994311249,0
-9.543949341425627,-8.43258238341998,0
-6.852701391055872,-3.0639162949250696,0
0.008158576584188282,-7.791921524630751,0
16.108325445478215,-0.29560974077739144,1
6.6201394493901145,0.9024200704363348,1
2.8880488369867106,-1.4330446045419432,1
-7.230894269209011,-8.41391616699503,0
10.696945611263333,-2.799119565987581,1
13.71856278743441,-3.0108705744580138,1
16.29947981528547,-2.4535644306922912,1
9.007230744652684,-0.09732240439934058,1
11.855678005813823,2.089446242732092,1
-0.3298018344855276,-3.1239549577094463,1
-2.1070759884662555,-4.810726232881251,0
13.940829738368105,0.5031807978000826,1
-1.6586494872433994,-9.334897452593697,0
-6.3097465262411,-5.999922457428584,0
1.8708755706818678,-2.9856557333567517,0
-5.679583469474932,-6.90590125091665,0
9.481353575451662,3.0903485989732893,1
11.52077569703029,1.9185178383383383,1
2.6387295700502973,-5.862550102760762,0
6.819881911701409,-1.2707635365858962,1
11.199663831410698,-1.19615052613685,1
-6.620680359555356,-8.651523378046866,0
-1.8393163091811648,-5.573705997860993,0
5.6171508112962245,3.44196044389846,1
6.082118477960927,-1.9306926182178106,1
8.362974505849984,-0.6986609387693243,1
-3.8112027572408467,-7.8302381378978065,0
0.6514473705214758,-5.067989133326814,0
-4.690503298524133,-1.1273804232059703,1
8.986436030204606,0.20044836290742177,1
-6.445694991317675,-2.655773428183354,0
-0.8909014279120462,-5.123714127204696,0
19.785428061160225,-2.2159233852800146,1
3.8706901701007626,1.9180932386739538,1
6.144348584905899,4.498191426053484,1
8.174159774792738,-2.3485130479996963,1
-7.236491932492269,-5.706640842674475,0
-3.240137120351258,-6.494208249471354,0
-10.276417650994725,-5.962857269382752,0
4.261166805607385,2.5750759502470317,1
-2.867072898800786,-8.605192590435342,0
-1.830111186339828,-5.673608836070994,0
-0.30482174038445864,-7.271973568472912,0
-5.96910636664922,-6.950929866964882,0
-4.424248184186804,-5.93495190788839,0
-8.107203406410294,-7.214926476442811,0
-3.077715490681783,-7.7380343430920435,0
-5.606422397155827,-7.063810935499592,0
8.74688507902882,0.9592772382594535,1
8.87516081214553,1.7611915287258821,1
10.729744806296203,-2.7264180548686885,1
10.774953999702726,-0.18178809015478986,1
-5.581085546878632,-6.370125266386316,0
3.8952709912469814,0.957240769758343,1
3.12923442830699,-0.8359151850319623,1
-5.734873220422911,-4.597960069598891,0
-4.188983047295569,-7.366318131445652,0
-4.6103945961686055,-2.3858764906321057,0
-6.7226824511523,-2.674880966739178,0
5.674364818493435,-2.857697416701461,1
-3.2489454707804835,-5.132784507569195,0
-2.304324484230298,-4.491528702942036,0
14.118128161901467,-0.007708670872693981,1
11.798596271378841,0.935676599306071,1
8.375578422232408,-1.7864253440729685,1
-3.9511882459859256,-5.142038133362545,0
-6.00548309797427,-9.236075506021672,0
8.89367757908673,-2.2022315397123835,1
1.225333229504173,-8.189931565870467,0
2.0101361816189005,1.321367925556065,1
1.7991348139194496,-0.25232329564633366,1
-5.242028252408905,-6.495623863234253,0
17.40632995587781,1.9121918415249144,1
17.606917832476803,0.5470034876590051,1
13.213128831348401,1.835648765739851,1
-6.579942227769855,-3.8077356393503647,0
-8.586683046202673,-6.644956174195794,0
5.5785750040123085,-0.13597029869333097,1
4.2858348810135025,-3.164800560649429,1
-1.5290346037069558,-4.954875094667403,0
7.876330708891658,-0.8035705878096631,1
12.756061123998972,-1.3432853731800278,1
3.220245266897108,1.6224368674742824,1
11.089681397782167,0.46839597070151734,1
11.467315009616918,0.7113110381389656,1
-4.0048045414330975,-4.069903013457745,0
5.616649515038674,-2.8968152777899583,1
12.029869557972711,-1.8046500087045145,1
9.479456863861873,-2.7821336513118298,1
-3.308161513195627,-1.902530618314774,0
-3.395465631090486,-5.787143655321537,0
-4.05486615124631,-5.440713547493377,0
10.022328301085574,-1.3906425332553327,1
-1.2901533513036019,-3.480083766965752,0
10.206627921555132,-1.5358743890210447,1
-2.4170068556807847,-5.190296306592283,0
-2.7216916831025895,-7.791692245505351,0
4.705576472792438,1.484748562941833,1
13.326203938718809,-0.9951571523096278,1
10.918634231650266,3.215062575332729,1
10.401608647534237,-5.237637712997865,1
10.17664828366461,-2.4955565102657027,1
6.5260078607945085,0.341553935747013,1
5.92202539634341,0.8647771391153248,1
9.480366262678032,-4.10840612821327,1
-2.858260332958169,-6.8333934781311765,0
11.805959826094368,-0.8159039036302169,1
-5.105374304188489,-8.724048286846484,0
-5.350922580581218,-6.892189107812754,0
13.820699484061024,-2.2895548366197267,1
17.637225847854058,-0.19416200575878742,1
-6.722910796530726,-5.420530652120577,0
-5.931627126313484,-2.0383866472632963,0
-8.937541872441953,-9.151558259538193,0
13.457746107657325,1.13042278357516,1
-8.523098398129637,-3.5169506132145716,0
5.198274055172745,-3.3589338808118585,1
-2.234445705356264,-8.967555264085657,0
-5.444799018245268,-5.736225112130484,0
4.879780398242977,-2.4530058955961764,1
4.880663226811025,-1.6032016416194559,1
-0.6799676077641537,-3.8010556895792864,0
-6.9100630520740145,-7.612583764948675,0
11.084498126253223,1.357594495079134,1
-4.250084901047756,-6.143952525140544,0
-3.267967218433938,-8.464385605871463,0
14.011382618752155,-2.363190365615368,1
7.290652202493824,-2.2045197337417113,1
-4.048219813616464,-6.363518444591648,0
-4.020670733047084,-3.2745056457295867,0
13.692109726268557,1.2102333609207345,1
6.737990416034129,2.0712324642209152,1
11.803688985035674,-2.606294880532276,1
3.0408809586261034,1.4472759936670163,1
2.406033895691537,-5.941792318680979,0
-3.543320658446225,-6.689657326228004,0
16.8894335851278,-1.1127499601073412,1
5.808910520462027,2.3293261429070107,1
13.298659452935809,-0.5918335024275951,1
-2.6299561081401555,-8.399973257228025,0
-6.854241618760092,-10.042143356560574,0
-2.6679533073089488,-7.51402907979766,0
-2.9725289862509414,-5.455714659930067,0
-4.4530295909831725,-5.41211237251305,0
-4.658654426275426,-7.4433800534634695,0
13.523423548050417,-2.5166866354030653,1
20.740740692137692,0.23321957325924283,1
-3.8181344863191784,-5.241900527122747,0
12.444678484104594,2.192796409050255,1
-6.02397343793376,-6.236995385576598,0
-4.9419749156323345,-5.297186020842602,0
6.663303824631765,-1.6668005631221983,1
7.275110112136522,1.4685984772058172,1
7.619026884028612,-2.7016760453678894,1
-9.39866561697648,-3.9567700004518693,0
-5.078896589521053,-5.231054394949513,0
-5.6771544849251026,-6.669135569261628,0
-0.619926199832356,-5.1735728793993605,0
7.797801758176863,-0.4732370480438909,1
-6.625151530548826,-7.0575400940651845,0
2.534049291986701,0.7707035516134064,1
-1.0828691575975196,-4.210594070399794,0
-2.6445976239952715,-4.986884078178468,0
9.27889749063804,-0.22033959660829575,1
17.81277293693892,0.6366170657405092,1
-4.868983650573134,-8.920920046296372,0
-5.009182497436225,-8.892186620513451,0
-7.244011814535025,-9.735371587893244,0
13.587128983721689,-2.343148242080459,1
-8.120375735054937,-7.515312967225445,0
-3.368610070205191,-7.235382828312626,0
-1.1689058760712614,-7.095258830048803,0
5.038772978866262,-3.004215995587284,1
7.166258290611479,-2.3480778765164514,1
-4.075752621439242,-13.610217069453267,0
8.278821516902646,0.4151702874832496,1
-4.242794444924005,-4.276883713857362,0
2.4150524928409807,2.0204266115979808,1
7.635200373833074,-0.4760943858688984,1
10.293476702497616,2.058476453265321,1
9.681599135193412,-3.0386391900026672,1
3.8799274311227974,-3.384532142131886,1
6.914907824429091,-0.09516110881187295,1
4.695172595762988,-1.7018069381424126,1
-4.046117069116175,-10.665237803222762,0
15.584941136067453,-1.4669567803879482,1
-3.39698009851931,-7.472213977162973,0
-5.360637492329721,-7.698336544370687,0
-2.5114738333567175,-7.594644894593091,0
17.458395437561048,0.22907270085651585,1
-3.797342774927598,-6.947599795915692,0
-5.8193822999141,-6.792129842339092,0
0.20047065277305176,-5.678028477807106,0
13.89450630259136,0.21943692328297548,1
7.650014944786796,0.4175109929226947,1
-5.1370343360424275,-7.325412059775913,0
6.614562706606021,-1.6205913223094006,1
-5.109756487836047,-6.612915994376041,0
4.601875528906721,-6.2923842728003425,0
7.825360781787438,1.6740444386670337,1
-8.39585448899487,-6.934978828352333,0
-0.6393619030003466,-13.09767232326171,0
6.568139804739607,3.9593199817411073,1
-1.9910956625053635,-5.149701267803642,0
-2.9402120343170965,-10.328282662978436,0
26.088090370667953,-0.9452245340325857,1
20.069718187379863,-3.3252809420160414,1
9.375916448943705,-0.49734374951109067,1
18.247403601123303,-2.1862248499887547,1
-4.566244340405336,-5.380508511005164,0
13.598625435743653,0.08519130987473868,1
0.7885881673951216,-8.899530512903484,0
22.284004468333293,-0.3005185454705077,1
-4.881898169142101,-1.9848687331009431,0
-0.6248426430930163,-1.4585338180936656,1
-8.39172954052884,-6.379802608757774,0
-1.983974716973676,-8.585503927762566,0
-3.3094951850594847,-4.9274823148554034,0
11.513890475276849,-1.8664328379862276,1
-3.4529556709969116,-6.321146112645872,0
1.6961025123406426,-7.786171661469611,0
-7.866390400073509,-5.590698044841993,0
15.11479242369952,-1.1304913580695102,1
14.427300851565157,0.30076920886733494,1
6.762156864090431,3.365902002660776,1
4.527825597343211,0.14894028312076707,1
-4.375021239346252,-7.43401088704724,0
3.796886126801425,2.006801252768198,1
14.63646695668075,0.36720057688969204,1
-5.486484335584271,-6.118042540142539,0
3.990650490793282,-2.3051313928463175,1
4.102593302858056,2.0383009098673526,1
13.163727584983773,0.6387623929232523,1
-10.309227225323369,-5.593315946920361,0
16.389444028485805,1.0302777264977214,1
-5.405110703952202,-7.490016399802804,0
10.492901586128667,1.7915748270915164,1
-4.130288756690442,-5.09064379376057,0
-5.626538009251488,-5.976498122755424,0
-1.8625712269712889,-3.470436994908749,0
10.215729678200056,-1.148889473757464,1
-1.3471218198433332,-6.647938907370047,0
0.6847746551712985,-6.155806022662581,0
-2.0774439584895967,-9.961117707416783,0
5.5740756302488395,0.6757325359342121,1
8.24166485134867,0.7708012986776307,1
10.221187577406027,-2.775351503293058,1
14.017759714698466,-1.502764033926932,1
-2.0538286659647262,-6.234313762664726,0
20.777757849879983,-1.6318827959338496,1
-2.3019895613484254,-10.274675305039676,0
6.751656635581457,2.0075136377364315,1
0.01238494454969885,-8.729747231710462,0
9.377282548640581,-4.196651304461366,1
-0.247762158929834,-5.813556636555709,0
15.74152281080858,-1.665664933303518,1
-1.2365940377443625,-8.644690994270539,0
-7.187928013793076,-5.591911784601585,0
11.011420788374682,2.1822334175855467,1
-3.6592440131458313,-5.873081591425454,0
14.726221662415746,0.9580408866252134,1
-1.3956361211223465,-4.857861258936735,0
-4.617067912924348,-5.1081955245998065,0
-5.971600787497997,-5.415945194269727,0
-1.373559039781921,-4.892507225359642,0
5.077931623560432,0.6891518180937223,1
-9.190137693421736,-6.550446290157704,0
-2.8730062673110397,-5.909882969765422,0
5.410911730288845,0.7537995240415953,1
10.250087279476322,1.0945847632594308,1
-8.236117809022325,-8.001307153097645,0
6.86330964987185,0.86863771020528,1
-3.3798880116021306,-8.353449888869278,0
-3.7633848101219805,-6.839208742043547,0
-2.3627584413567675,-7.514768223119628,0
16.860142158022914,-1.1389736795858039,1
10.35588014351239,-4.429004986796717,1
-10.948107872162751,-7.48266977521683,0
-6.4983661289581,-8.016610514686603,0
-0.5239491610992162,-6.039269119956047,0
12.244490013154987,3.441396540650396,1
9.679464295164,-0.02120791482257183,1
-5.735004123755148,-5.064877486063796,0
-0.9789900657968529,-11.373519243648499,0
0.3711432683356293,-4.984520888954605,1
-3.5204829461438445,-5.295561088921261,0
-4.27017810027895,-1.9329822795571632,0
3.1422726596042194,-7.439282118288396,0
-7.235046681354637,-7.856715601199625,0
3.2085267444183936,-0.8041797566411641,1
-4.29527814132802,-1.3727448403949953,0
-1.3060019159502976,-5.253784750892269,0
-5.5661667369846395,-5.584012209186301,0
-3.5499385351749955,-5.7066247842274285,0
-3.1677754811376326,-7.771850133171695,0
14.576014283584595,0.7263994259388894,1
13.674364306614489,1.3888601977990491,1
-6.030928998516704,-7.585262756690517,0
-4.917232389798967,-6.100545715810377,0
-9.109560457514768,-6.585618022156401,0
13.280966462764049,0.8546195054727962,1
10.24711618507627,1.8239117809568661,1
9.851872644380736,0.7978296946298917,1
8.680008927137614,0.4405434722872272,1
10.89505918406917,0.09603292132060826,1
8.001936861243944,3.4889452149535973,1
-4.148813207900341,-4.234073901430698,0
-3.304888830762467,-9.133548320428037,0
-6.4170781620234205,-7.760137058272916,0
0.08966777411831472,-7.416400031538701,0
-0.8964436738223527,-9.130771133819966,0
-1.4703831601203352,-5.872183476456767,0
7.017347225367011,2.95248298983823,1
1.6997980619217152,-1.1443958267123429,1
8.807094545488964,2.5091979605212407,1
19.909335979387862,-0.5138762712940105,1
-1.102834951942142,-6.544341614297471,0
-5.841733940414832,-6.104259871220432,0
-0.2071109044305266,-6.3217635776884675,0
12.46115330206121,-0.43521167789813936,1
-4.127569234984625,-4.987205380861015,0
12.187916330863551,-1.4596663995929082,1
20.74117775305116,-2.372419538908158,1
11.519263957263234,2.3541818941602317,1
-2.5820137069598275,-4.441391454713891,0
-5.809266242171001,-4.641037555393779,0
9.707167187602018,-0.4399212236827226,1
-3.669044414442193,-7.106339769348423,0
-4.112947674242179,-7.559498722019146,0
13.426032250586534,0.5036818700738794,1
-3.9798605482185687,-3.5018004801627582,0
12.471862232863577,3.190940868743951,1
-6.64641566430732,-5.340498574881447,0
-2.974970232483975,-8.35512447981973,0
2.1312943391840315,-2.2065890331404323,1
11.817411352860173,-0.7882424610842446,1
1.8674439501018814,-1.06407809721901,1
1.6995516881430026,-6.461638826778127,0
12.133036109694663,1.4033062560111949,1
-4.97395091564168,-6.683620364730336,0
-1.516831346781942,-5.518907651796309,0
-3.318191874720696,-7.570914820494587,0
11.4826308945296,-2.7041295345323046,1
-9.804054057023516,-8.338649193359764,0
-5.340634050833346,-8.782481808932694,0
9.438516744844675,-1.4944447673910661,1
2.892840098393643,-5.567760345966118,0
1.0608280731232052,-8.021024649212205,0
14.476550838839515,-0.7456563150214393,1
4.9987012030255205,0.5932399003443892,1
-5.427451090673455,-6.079482483323879,0
11.64124937435787,-0.4431604737968873,1
6.2131683976019545,1.4494571899130257,1
8.756371325507951,0.26252430547590677,1
17.60521849550676,0.8359970207047874,1
-2.4484857528935215,-1.180954083006438,0
-5.242834886758713,-6.882786470526836,0
0.5630024163374028,-6.277263874037057,0
-4.5744739089647455,-8.598673640937678,0
-7.745706056145089,-5.236416060286212,0
2.133534491174652,1.5722871074864118,1
7.930306853635376,-1.7470744038701018,1
-3.999679211619884,-5.883077584068324,0
-10.336950529556397,-4.946000375195661,0
-6.531106070870214,-4.051825590804068,0
-4.947815343806641,-5.317577351297405,0
6.276362309159018,1.1055090586836709,1
-10.997873942346978,-6.6956869798419705,0
9.787563257456265,-2.0306903086642647,1
0.17733100948848435,-4.466400399602456,0
-2.745742333817483,-3.2525042598077993,0
17.93639823421244,-3.0696997924080955,1
-4.290990822355538,-8.804649107785325,0
-0.3733567293183846,0.5034800739658327,1
-4.9165417285301425,-7.3609562459015265,0
4.772131038189724,2.0337461321109407,1
-4.093619753549586,-4.160008119520919,0
-3.4926834389224144,-3.6034345082994865,0
-8.019150383348926,-7.441972919577326,0
-2.8523332458808683,-4.672201499365537,0
12.957241033332593,0.5377827049315028,1
13.531952048405158,-2.899115183136802,1
-3.5409067279396407,-3.151422130937086,0
11.200701048399813,3.034065968458748,1
-7.843903659554387,-2.9649025183412743,0
-0.40501345040445713,-7.450963220003564,0
-1.4464595725036107,-9.403431428892267,0
-7.950491753787894,-7.0672466264247635,0
-11.744534984060852,-5.98508364157795,0
2.4647516742845355,0.9437244430506698,1
9.177460135336405,-2.2952649588190805,1
11.498995328285051,-0.33787205920773306,1
-6.157253428435455,-5.401535827466965,0
9.872863326104829,-1.2174475316078266,1
8.480776833099466,1.333360875606752,1
19.948197715238056,-1.4747735304150285,1
8.767536282935136,-1.416676959628842,1
6.851534025264347,1.979913822809329,1
12.871929789723591,-0.544880193311927,1
12.39538115055196,-0.1040252790328317,1
-0.15995230630424384,-5.638474139036685,0
2.477744647501093,-3.0522691857620563,1
-5.256018683207768,-3.343241852189827,0
-3.1752501715161054,-5.93915578322569,0
11.629712192767798,0.3350791865954155,1
14.120303119513714,1.0226823769600704,1
10.735726117246433,1.15864031495528,1
7.638079249210342,0.05909396452261993,1
2.878758237542282,-3.1727936149195703,1
-5.468396060206689,-5.283308804654794,0
-1.4277029111672919,-4.745499376620893,0
13.171329449548624,1.9623129637616665,1
-6.515766855953139,-6.8038936854963685,0
7.557831769304864,-5.205790555970554,1
4.991513560110839,1.1713929909405123,1
-6.900685016838288,-5.308257587726102,0
4.326966969748679,-1.4989299038528543,1
-5.152785541821594,-4.659523702756832,0
-2.414281664335964,-8.316500084620358,0
-4.521459292443723,-4.55955229411368,0
-5.336080586344065,-2.510566646760101,0
11.776822405717885,-1.9969253678957315,1
-3.7970956505461717,-5.11030588609943,0
6.993165544478563,3.902153426615208,1
-1.5177323782893821,-8.435771118611191,0
-1.274857202180756,-5.490944908047224,0
4.42624696377884,-1.7227737608439113,1
0.838615736462585,-4.053211128325755,0
-8.202596612198839,-6.18165558503983,0
-4.585828477096342,-6.877301103100524,0
5.614400998394016,-0.6990311272255314,1
12.977654717483396,-1.519137483623334,1
-4.272888952087616,-3.304510574787665,0
11.702055953160652,2.3514241983211055,1
-7.708910005243217,-2.26316109478742,0
-0.30429453508342474,-5.392727536791401,0
-4.8378550092398696,-3.374096536308907,0
-3.9700613066417283,-5.663016595885735,0
-1.431737291928993,3.9135758981957993,1
5.776086303171791,-2.8915260961376714,1
-3.5832574613080395,-7.3428363963581695,0
14.934598638982363,-0.04332501861256331,1
5.582587549045313,1.478496807840194,1
-5.412842075793979,-5.349686188855941,0
6.457334153389201,1.364552916783063,1
-1.9595100405953283,-2.3891381057566132,0
3.1669281716229625,1.4505865471834691,1
-5.203310843900805,-9.151921401747089,0
9.412923936653051,0.9034385230203535,1
10.878591625415048,-1.4944605703345346,1
10.574525072501746,-1.5873110955458722,1
12.285188713885669,0.5202146868735062,1
7.784999604293342,4.338568471792607,1
13.451006257965652,-1.1008301376974765,1
-5.073228498369397,-3.8986987027741464,0
-8.930230678745819,-8.485369582329346,0
5.48877283496521,-0.4161897727846025,1
-5.576786942078901,-4.811724473392626,0
7.432007974117086,3.049217916185824,1
-11.311934736641629,-6.249642491808114,0
-3.2735695832040674,-7.70871026974657,0
2.7425780165406355,0.1987276763563955,1
4.587231736770629,1.6240421758014592,1
5.857787412373608,1.569605257318709,1
-4.794707367437696,-5.686259738331357,0
-6.638502765670054,-6.416934721035082,0
-9.318899152177273,-7.4532814136241585,0
-5.5916140493584585,-6.1316145789743,0
-3.6875033322889186,-8.653265516978255,0
-7.4625507346242905,-7.826550596646084,0
-1.1510849346187988,-5.000484685067962,0
-3.7992892724488025,-4.611664698362566,0
-4.333752585020589,-7.348121258879127,0
-1.9076954525888539,-6.640748195164917,0
6.940887408631912,4.427400597270339,1
13.069742801780569,-3.3198360750579257,1
23.169523608636332,1.2688947175585303,1
-4.9463677673774615,-7.608061913871234,0
-6.943552125839393,-6.47005848640789,0
-5.705270954786397,-6.461994795304955,0
2.1470589582087936,-5.981103900708873,0
0.6316923671583909,-6.079666719482388,0
-6.180010017568098,-7.316176505726547,0
-2.2076661708548158,-1.5519892869494383,0
-3.995852802100488,-4.747354536378227,0
-12.383221880274704,-4.333822987119243,0
3.8961864745565062,-0.8501481853507328,1
14.101712229930278,1.306185168470949,1
-2.511273156270483,-4.892749804931885,0
-1.9834362101799616,-4.3326749879475175,0
-4.286805515137477,-6.4224731789493275,0
-3.0060300727012708,-6.7629073508430615,0
4.496703294577997,-0.29262615770106026,1
18.91524110402865,-5.1843151399745135,1
1.1473055212939771,-5.314044627490377,0
-4.442940295825665,-6.549498948521695,0
-1.2485901776077473,-7.142855178630554,0
10.627623655294176,-2.413593212864713,1
12.319664774243956,-0.9040184582309064,1
11.454175198536468,1.5361529722798246,1
-3.798440286689157,-6.984062765278021,0
2.3962939339717613,3.5866164582617452,1
11.922721287958883,0.7877701106692769,1
11.170627210078525,0.08976440737959779,1
-0.9229468427576375,-6.005304744671369,0
-5.141192514291224,-0.46583466208421775,0
-5.808856060948456,-7.289636951327408,0
-3.9430696081183845,-4.819414574998102,0
-2.488235959297856,-10.536286486163439,0
18.468664974004717,-0.4668447708473184,1
10.557772187541127,-2.043551984208901,1
-5.925036354219317,-4.743125544238593,0
14.105732987403822,-0.47899488227181214,1
12.286084310240547,-0.0016549576660006952,1
18.402946412752534,-2.8693839817193982,1
15.490399822679217,-1.5815700767563938,1
13.999871797933746,2.16557986983033,1
-4.362718216487776,-3.93930725449404,0
1.9347311313029572,1.7164220025826507,1
9.31960338444914,4.579272127634096,1
2.931887901517098,5.9013948004308165,1
-7.46821528640398,-8.587902154530173,0
14.478312254614965,-0.5415952401181815,1
-1.8865860231973848,-7.887473121987864,0
10.822517974705791,-1.1394309540299106,1
14.280720507100249,-0.23848078319067134,1
8.316900774166275,-0.7651456484734157,1
14.864602136730344,-0.7306167517519367,1
-9.487584786993045,-7.174423318810569,0
4.034057863264378,-3.3560546163621545,0
12.609912797498666,0.8406244919689914,1
6.380136988393362,-3.0627288790782687,1
-9.313088159353061,-5.893713051270049,0
-1.1464371970390492,-3.9684296424496526,0
2.050881894095583,0.5786057241659426,1
-6.64456820832019,-4.9245445527829075,0
-6.14562104414137,-4.821796436651247,0
-3.558496359597886,-3.9907668830976073,0
-5.9434132722105275,-5.227815594399502,0
-0.18937118224383687,-6.62469350787832,0
1.1554936246642002,-4.3501699280069825,0
3.3626756478723925,-2.3693934495130793,1
5.601764465402715,1.6640737238452588,1
-0.29909455344313196,-7.0630485003388905,0
-3.6651665226835974,-5.873170198967702,0
17.186764297643407,1.628286759389984,1
-10.563891095390604,-4.126450278598164,0
10.097094022444397,-0.19921842098231615,1
-0.08281330467260961,-2.8232714948088016,0
4.059547870517675,-2.4354273311137575,1
7.719096224919008,0.4616234541417166,1
-4.075718194284164,-8.003442766978107,0
15.489573927046488,3.360128294765798,1
11.77461311548835,1.482237068137132,1
-2.8363811605923397,-6.054173321948323,0
22.14804946103051,-0.27973970825120764,1
9.626586480062397,4.5095717613897515,1
-3.225881685746509,-7.923208901157962,0
-4.542396714889103,-4.866794873040485,0
-0.8997740894854567,-4.523720407038214,0
14.924575626956997,0.2944614501122574,1
-6.66506746686598,-5.989257719765386,0
-5.478059479107469,-8.399583212683675,0
6.065846731159312,5.243022647623859,1
-4.010676994127899,-8.691711851454965,0
-2.6853412991072583,-8.042785349920372,0
-1.408581254876193,-3.680554884347306,0
15.328704888072966,2.0805957002492885,1
16.06064418002238,0.5865753630754674,1
9.099946371850903,-1.3865852212989735,1
-2.4456446848796194,-5.774321181242164,0
15.93110439452516,-3.035629441736539,1
-4.83842976655877,-7.610595316385435,0
-3.7379302515547943,-5.057398789989223,0
8.417416550009516,-1.0153085487971352,1
8.944798282359072,4.221689858908973,1
-4.7005710510830925,-6.259602202808322,0
4.9015883946087335,-1.6947329316799733,1
3.925940611831649,-1.7524458351418892,1
-0.4866071149337938,-7.855195040172299,0
2.1087520120004584,-3.44247398169837,0
18.529694878805753,0.26774061635104385,1
9.802379166336356,3.357585942316162,1
6.5758821800753555,0.9232841390714064,1
-0.5255773699872259,-3.515688667901691,0
-2.719975785791827,-4.761250808087907,0
11.540898799696972,-1.472322125762143,1
-3.2825373424374447,-4.568904956668232,0
17.67232444987647,-0.5586851470100992,1
-2.7288449354996187,-4.5850995095957385,0
-6.953728857005284,-6.435737482171963,0
-4.007730269379294,-5.613891813373089,0
-5.738958479748529,-3.880026201096908,0
-1.0952579406749043,-8.971763923858381,0
20.74919782153915,-1.1845066314560408,1
-5.934323855938152,-2.949309872028059,0
-3.8916284373621295,-4.272580277473796,0
-5.593253110201825,-6.591280106790735,0
-1.465644552237141,-6.3735061110490925,0
11.361173902215729,1.3661466310878663,1
10.589547508566884,0.6021651880011993,1
-6.404804909967629,-5.057540318836426,0
-5.956322877303348,-6.951407347621059,0
-3.4181348895702,-4.1694539321934165,0
10.773820355544641,-3.387995642512272,1
9.101838900166117,-1.869463124122462,1
9.857663096980293,0.7763514181542229,1
7.104820521685792,-0.5807756796070793,1
10.446160799016893,-2.1675558380213142,1
21.80358357352067,-0.8263381572844514,1
14.409628600569611,0.007906384666412776,1
8.516216789276857,4.02840914133408,1
4.276357846075503,0.8996612439962972,1
11.165863514133125,-1.1473000796185795,1
1.2248410113043562,0.6665426451717873,1
-2.157660720879507,-8.270203373562097,0
-3.9548939484292056,-3.379701386301618,0
10.423441746046324,0.3204081503005767,1
-1.5606958680818135,-6.0436266978214706,0
-3.4032120017179053,-10.45902213928268,0
9.456833934761919,0.3702288594483506,1
5.973264957623161,-2.3339172592957,1
-2.8025306724110077,-8.99422400455765,0
10.239960518455904,0.8618057664705753,1
4.729607001178365,0.3515103528755025,1
4.814031178978263,2.301098922069309,1
-0.0863027406073762,-1.6998060261680568,0
-4.9134051734720545,-10.001370073695842,0
12.727409427361943,-1.8512084540693041,1
0.8916847840573752,2.1184140226567307,1
6.7379745474147095,-2.6999601332027092,1
12.515328015914394,-0.8022825987652797,1
-2.8675818132944353,-7.116628470392566,0
-6.779846758174552,-7.380144285661291,0
-4.256372186583361,-7.637641374268173,0
13.318984758934397,2.0463448165748286,1
12.230335993194027,0.6149973882254252,1
6.075596876715013,0.6377245238054607,1
-1.3197696308310571,-8.474261911204868,0
5.0162102113346565,0.9929649604494468,1
12.105699595070503,-4.562146475115195,1
9.15384805586082,3.9617211577111178,1
-7.345324293117777,-4.449352640870057,0
8.293418737518348,4.738746624604143,1
17.038586318751936,1.6862994110212486,1
5.592507256589138,2.544234960714098,1
-4.927053882746169,-4.99557941068369,0
14.8139744912567,2.8031109931355496,1
-1.9418855808977762,-5.5344216454604815,0
12.449855075711884,-1.4269474266244837,1
-1.9268797258301356,-6.821222475779346,0
-6.05217467578221,-9.346730188120908,0
-0.42082887488225396,2.8187915943664685,1
-6.223470798841591,-5.93130351522042,0
-6.158134034289562,-0.415561260121005,0
10.207360393592484,-0.21307664312010138,1
9.67664847908575,1.5650481962344056,1
-5.315970015080689,-6.325697570505023,0
7.031000029532237,0.9478776305825916,1
-2.9042737490596355,-4.8839248875642,0
3.5886242000198223,-2.6247339179482667,1
13.123664901736177,0.21280084316156633,1
-0.4591173343460788,-8.576877474025622,0
7.40033163184748,-0.9995413161310852,1
5.275603410576151,0.8335553921261447,1
-4.67020262368972,-7.618791305882086,0
14.485422179665138,0.7115037461298206,1
6.746141266251582,0.897850266619192,1
-0.14235299799853296,-4.449889260404097,0
-4.680468670280048,-6.931072349998116,0
14.231172755154219,0.934874736484367,1
-2.5307260207749227,-5.920258733110965,0
-6.373260291507522,-6.953736567916753,0
10.118375416603655,-2.3370112413103112,1
-6.70257409388706,-7.211449480991767,0
10.398751723339027,-0.2951600472712659,1
5.566370918210516,2.7171847113176506,1
-3.282865602187277,-5.000943166571228,0
2.384422590838412,0.17965384179338167,1
-8.273889898502901,-5.4775140834200435,0
-6.156951851142978,-6.514167731919429,0
9.349567126247905,-1.57097087629406,1
-2.1159918222066327,-6.582507422093372,0
3.5962308676152475,1.072436534097725,1
-5.525006508833333,-5.2201297329867,0
-3.969775629975432,-7.137142827007198,0
3.71105686726475,1.4635094396410728,1
7.095999079434808,-3.092409477585263,1
11.354476498875618,2.67855667935242,1
7.837285496851886,-0.1390340419593569,1
6.336400533082786,-1.0541583968631367,1
9.186907579087324,-4.670298954405418,1
6.328625098329313,-1.4907692714427936,1
13.12199518859918,-2.6457971714540656,1
-7.814612872235525,-5.58562931870848,0
12.255360536974546,5.333624544977373,1
-2.6640738964218187,-2.6904974376992015,0
-4.9704746151729795,-4.726347468819499,0
1.974457946535706,-1.745724975972322,1
-2.5358370198504034,-9.543087355322633,0
12.621145629321862,-0.1562443554592863,1
5.494997178109623,1.3870637564254753,1
-4.2612702476864,-5.042050066576611,0
8.88902232263006,-2.3197225893871547,1
8.955116172384207,-2.2324522830148577,1
19.476482180345727,0.9030471799638917,1
-5.903040296876865,-6.089210084865509,0
-4.984811788924799,-2.5368085989320064,0
-6.437141662875877,-3.116166122465036,0
-3.821222737618473,-5.293728140640181,0
-3.918641485326287,-8.00863042731624,0
0.12295712119009661,-7.442221608403446,0
13.495228010270761,-2.6304082370053394,1
12.538105894887346,0.4420452142469373,1
12.947385860590682,0.5272321509671651,1
13.57220381055292,0.5731136789850972,1
5.692365025577051,-0.8377450634079806,1
12.501195461994604,0.1740482886829331,1
11.259738682828964,-1.5292841898704987,1
16.805845922859618,-1.649896852681552,1
-3.7345914011973598,-5.882644516444581,0
-5.451973344215791,-4.283162582654382,0
-5.294152795351755,-4.3125589903926524,0
15.231737544059648,-0.8845317728256947,1
7.205589568613329,1.1111909524331198,1
-2.2388251722721755,-8.183557518161637,0
10.891784185300857,-2.0328069873930836,1
11.08613713460662,-2.024104126915541,1
0.04755897052281988,1.0319295008650864,1
-0.4620895666389253,-4.499653558578917,0
-1.7674242710636872,-6.888433154775234,0
15.147043482570972,1.2826134945815213,1
-3.4568063365146657,-8.563899133505226,0
4.951886710946151,1.0490284423551466,1
17.206193926804147,4.236858421681253,1
16.052643471403506,2.2147122605738057,1
0.31708329800580515,-6.838822852624519,0
8.643720077780507,-3.5338800841839864,1
-1.0787377389968031,-6.4773606903713254,0
3.6074840654355294,0.008467180738828704,1
5.177293227881298,0.6844522874567074,1
-8.332167741978537,-8.292154753835717,0
-3.186454394232283,-5.515812046412272,0
-3.1387309857252967,-7.28070124318813,0
-2.4213302937848966,-6.758899189263026,0
-4.096793805162689,-6.335677713584284,0
-1.1632931808912859,-4.627106556440071,0
-1.0582025128425898,-7.667840672579189,0
-7.12319443819754,-4.508453060234867,0
-2.10915792973591,-6.514719083646863,0
1.7199875784368448,0.5661500411423331,1
-4.1438107254257694,-7.563947457227139,0
-4.919800510227594,-3.701345780269481,0
-6.60331994235241,-5.966152348112631,0
10.840879319119699,2.536229851809317,1
-2.6042617745530032,-5.5581818949428445,0
10.33032721500767,-2.230422601173216,1
11.687469677496534,0.08237770665944347,1
6.772986734274776,3.3304040614044816,1
10.489899955453883,3.9096574688445873,1
-0.9606283900015309,-2.0802408329492144,0
8.16413512865634,0.926666034211151,1
10.626039022789033,2.3510095667871016,1
4.2462161758406545,-2.134903716136098,1
12.55740490990657,1.3128314860478145,1
8.234152491707217,-0.7714280355130043,1
-5.290853636925746,-3.9796160298133327,0
-8.993542486309208,-10.220401513377752,0
7.255258715301711,-2.9687361279397617,1
-2.563976193822496,-4.879019941895294,0
-2.353368989714829,0.08616157330523518,1
-7.791039178310791,-4.587793891252894,0
-6.666997809579883,-9.684445918166345,0
-7.48112586372779,-6.075096932650818,0
10.660222655469147,1.460545544009654,1
-3.957719814064991,-6.117945387305087,0
5.617463601579596,-3.077675781057823,1
12.17873743365259,-0.13259023641163648,1
9.735551887139017,0.32764066041516615,1
-6.844514187816138,-2.443262970319625,0
-8.795829121264054,-3.884296469648012,0
-2.199575348633336,-7.606498729953469,0
10.64591349230806,0.24350069820477344,1
-3.2371757502264598,-4.890119498572406,0
-7.647221264758301,-4.454505896203078,0
-4.1076184036487495,-6.144244765047865,0
-3.5364545712603497,-4.571943359179275,0
-4.390714209015649,-5.211381955559993,0
7.884760793246159,-2.3726420028068738,1
12.221356116908327,-1.835949841390246,1
11.29791441493563,1.8353389038636891,1
-5.210053459552835,-6.8059291761938105,0
1.0073374017852519,-0.5534536392020118,1
20.973674437988727,0.668161177497563,1
6.105714937979944,-0.9447433030211059,1
-4.408119516433798,-7.102278253258284,0
1.594260612010297,1.2248301308552965,1
-5.943281527454408,-7.695650332366521,0
-3.068026344224341,-8.951348510434366,0
-0.09197725094126108,-4.823676813151394,0
1.7337120935412367,-8.545440577484792,0
-0.12448413134214587,-6.696592028886017,0
13.567042470775323,-0.07978437519260177,1
9.68687941970168,0.8311715654272052,1
15.443028097168806,1.4818136966102609,1
-6.13239236956492,-1.631896178712549,0
3.7242708299675558,1.4940907037075408,1
-1.6327433516477607,-5.211118300199803,0
15.381603586059864,3.6657925796287185,1
7.480043368764154,0.5089113160708927,1
18.15808026434771,-1.656259760354924,1
-5.2575323225376565,-4.78451281473038,0
-4.406974415505749,-6.047210588693299,0
-3.469248531731518,-7.134874786033265,0
-5.736682336027231,-4.830712432910115,0
-2.8541239320194984,-7.425096692975875,0
10.440942859072091,-1.2595637630379182,1
7.019954382908376,1.8125474060909879,1
9.96837917491436,0.2100377468641198,1
19.511323987447525,2.792370718826365,1
-7.512275792307525,-5.202880488836124,0
10.578029871054161,-0.2994908426785635,1
-8.138316044253003,-2.03094831704693,0
5.054444558296535,1.5546185623154185,1
-3.7276706317029604,-7.386951631685307,0
7.675344649586268,0.0635879770713014,1
6.960505776505819,-1.2555702845214132,1
-5.357571264127634,-6.827398446985708,0
9.462736041861326,1.8033164627399474,1
6.128045465737804,-0.8480831391207638,1
9.615827545130577,-4.3328665127491455,1
17.568411787568557,1.1029705566897765,1
19.161888857263627,0.5613849739214165,1
-0.5726493474516272,-3.251344473743819,0
-6.143803286919059,-10.110876505423828,0
-5.014192477675808,-2.566069677585827,0
-2.569620908247625,-5.3301110142509085,0
-2.4989601858733694,-6.883863588081379,0
9.53287005554076,1.254575376909074,1
-4.148281511791826,-1.6671475799957198,0
-4.384849855366493,-4.330043449980904,0
-4.751919603064088,-3.972101606807364,0
-3.639452663882043,-9.096254208883412,0
7.140195195763576,0.7909359209067658,1
-2.954374635253635,-6.020746587342697,0
16.692572466038193,2.1600059124031024,1
20.43045061222253,-1.8664383338474428,1
-6.8127710009079125,-8.346412987390483,0
-4.640201157835752,-3.550998877451352,0
-3.2180133186656703,-6.586555874528656,0
14.777297277773805,-0.22463329546973815,1
-8.46283959332396,-5.215301505446501,0
-5.5979768057246195,-7.259850802119326,0
-1.5857406488703951,-4.943795008674529,0
-7.848959987358123,-5.9663094512869375,0
8.303104544180144,0.3296711391456722,1
13.42690707027155,0.5040354590255801,1
14.661246094537752,-2.1553777132131686,1
-6.287268054210809,-9.158282080588886,0
-2.074464723701751,-4.0284290913790075,0
4.572349759643731,2.7302826953409283,1
-5.903898303340066,-5.462177235068557,0
5.216489220930824,1.9913491249755766,1
13.812329804640244,1.1824375675801801,1
18.39081094959993,0.13611901050641723,1
14.199759907049408,-0.06902141676769283,1
-3.029697454860438,-3.938524879406202,0
-5.875010665384556,-4.9225950243653385,0
-3.3889589031988328,-7.682004954578057,0
-3.3820416759476877,-5.383548600252129,0
-4.2856384240211485,-6.2022173354817784,0
-1.7905137442444503,-6.322588791198595,0
7.237397874021823,1.5756624310088134,1
-4.623726853975985,-6.606738147392079,0
-2.4234769808635557,-5.345833829215652,0
4.237038025648305,-1.5361389525347648,1
-0.31289990666658785,-10.474035227221094,0
-0.48478642319431,-1.2331242409283671,0
-4.409587440654041,-6.776541589921909,0
-2.4265846606380874,-3.528587072481494,0
15.628916975367263,1.3211653319842618,1
17.9293352934025,-0.7892134070667586,1
-5.247073907344846,-5.783799443117163,0
15.227493166331694,0.7781678060006453,1
-1.5181388695252935,-6.930883217091705,0
-5.748415642452848,-6.812616557337792,0
0.11994414425027333,-8.311831662555292,0
5.800734935443781,-1.3811927803208148,1
10.27242683951689,-2.72247421685684,1
10.055327003022253,-0.7631172514658593,1
-6.746034533186635,-6.029621727168133,0
7.731857317387258,0.33930835381635416,1
-0.7766136493262636,-4.193892173979116,0
8.2462097802794,-0.4982562059502522,1
5.68509961720679,1.8523440265210867,1
8.89851242228922,-1.9259102447454621,1
-4.225334518463082,-6.950534728436633,0
10.608485504116583,0.5687939869085691,1
-6.349924322496335,-4.7779931355880105,0
5.813168366957821,-1.2728969506979513,1
6.083291353435368,0.13615809926848016,1
7.622591553153903,-4.288390089621546,1
11.669540367460108,-1.6822461838047702,1
9.65783607032191,1.7811404456997506,1
-1.2348551185235976,-4.918666448797227,0
-2.180087843098021,-5.4236615870099465,0
-6.470974686329737,-6.586841152709074,0
-7.2607720792061405,-6.380455622870624,0
4.6621601237118275,-0.7312213518002807,1
-7.308199649125054,-4.776725577334366,0
12.557409424260566,-1.7638792287825449,1
10.880306306487006,-2.100540503686011,1
-1.8808802393580866,-6.6666910558115005,0
12.055816709144317,-2.6463185725722522,1
-6.9690301550645195,0.8703720129205568,0
-6.367900817161852,-7.401731015339237,0
9.385915053341039,2.056997066890411,1
-3.3467350190282614,-4.320258807352383,0
24.179678883634615,2.054327462383302,1
-5.360469955950517,-5.262924276590304,0
-8.226559110289484,-2.791941362849742,0
4.997222210168609,1.701781631085647,1
7.076987428142859,0.6186188544069646,1
-10.833138844620013,-8.176208857598859,0
17.4029504121037,-0.6092894995659027,1
0.6670320015462572,-0.037286411202585086,1
10.734261758281535,1.468066614779146,1
5.097866230038526,3.0971768406129643,1
14.39709310109067,0.7333816878869263,1
-3.7977183355381885,-5.377828851094579,0
12.409095827212278,-1.1224812732788902,1
-0.25022633014786466,-5.715018370899839,0
13.719142192007858,1.3364170052695437,1
3.556980474891467,1.7199684277516651,1
3.2397699803148496,-2.2827795761450176,1
-10.206591479695081,-6.294742284045562,0
-4.362413515188514,-5.556329659741043,0
10.592000078283894,2.323834744213956,1
5.3953185446727625,-2.118292038220492,1
-9.913257098313032,-5.226456599835137,0
10.30570813264168,1.672481463681771,1
-8.26832207886416,-9.621079535126436,0
-2.6434086412848723,-5.483179611145534,0
18.58653647906487,-1.727628040647902,1
-9.412698793986863,-3.6737584782953276,0
-4.206436445368352,-4.928181359561515,0
8.450921948404723,1.0447387309740925,1
16.068560415226933,-1.9430409197983904,1
-4.24669400561049,-8.048002426945008,0
14.814772887240697,1.5851089390628679,1
8.96598078447999,0.6536632873552256,1
-3.033143858394314,-4.926097530801188,0
6.7394778779201125,0.13722461753234175,1
-5.183167706611242,-4.656587616230178,0
-5.331555851949519,-7.003333999932717,0
8.707401407390412,4.563376377772844,1
2.4655379824469428,-0.10438172097841432,1
12.171073460669266,1.1031240558897635,1
-7.195127194309357,-5.503399446435196,0
17.205643790569585,0.4443092615629272,1
16.559273272406056,-2.3711801984105407,1
-7.091995427782338,-7.1198537021047565,0
-7.623812708103364,-4.040794753039049,0
9.74520339744405,2.734118794343122,1
13.91081615814994,0.4475896980763994,1
-8.704365617104454,-9.558378017802376,0
0.5699890591022907,-6.991148691311666,0
-2.3910563082987966,-7.1469874340973805,0
-6.69978900975634,-5.01544273908759,0
-3.5773875483187587,-5.9203066255316035,0
12.129814007025708,0.7820011918737232,1
11.305319727114998,4.6469986491389275,1
8.702974204223088,-0.18174779293313523,1
-3.89274571563009,-4.709349665316536,0
-2.7048963574483875,-5.149939041901486,0
-0.6461855407902357,-7.5312430743052605,0
18.510703337627724,2.0272121691244678,1
1.6530957858684463,-0.3613233570241318,1
11.441317968653353,2.4766029727782937,1
6.706654129548663,0.7776823708986201,1
2.8788753494402277,-3.9332029135027002,0
15.483554760303239,-2.384927763927974,1
-0.44621271253330264,-7.146001565563246,0
11.270106070615746,-2.202148773014717,1
11.655818910833187,0.35514738107626104,1
-3.5711562804750696,-7.434873067419396,0
-3.044180390558722,-8.888326295123894,0
-3.866916853828063,-8.660472424006862,0
12.63494690133393,-1.3599258880559653,1
10.182568793927027,2.9508183196059523,1
17.27015985075937,-0.8577080220959132,1
-3.2257838794489944,-3.972919997895924,0
13.979339262269226,-2.0765054758304546,1
-9.586650405568836,-8.134812270727892,0
17.103241597426155,-1.9145143934764144,1
-2.724605482382416,-5.923936013595255,0
-2.325908089506539,-6.90414717510711,0
8.143669876601903,-1.8081395888148166,1
-5.682020013688229,-10.501751491383091,0
10.829746589372188,0.31114670815313183,1
10.252002678861736,0.0356797946086292,1
11.397907156256064,0.9369221667838488,1
13.965921803342084,-1.384857997396434,1
11.166732801765269,1.4362756838561404,1
9.584377813897976,1.7402573676003719,1
-3.535650151224559,-6.836339339031173,0
10.510334973136281,-2.696489015186957,1
-4.09547095693726,-5.2494443269608135,0
0.722491822742823,-3.6393826740341177,0
-2.6720235678238033,-7.774477519341447,0
-3.0619801474786503,-6.850893478631521,0
13.92406898977704,0.3442018392092444,1
7.745627875831383,-2.916053497544049,1
10.82853894978556,-1.6331767989485346,1
-13.899192071796467,-7.313790133927886,0
0.9694665280822301,-7.899563309753727,0
-4.203947987143481,-4.489131582710067,0
14.828813939545588,-1.7003702418855267,1
13.018262226942403,-1.4853699383319345,1
1.8800275469643548,0.7160105793784318,1
-2.65537973651536,-6.702908035184383,0
-5.5095354778240155,-8.06841615531582,0
14.335825238233289,3.2002561196098336,1
-12.505072252998861,-6.593207916533283,0
5.2392732245274125,3.679858306543461,1
9.497645503424788,3.102735488797536,1
8.7076508048781,1.6287526123966813,1
10.07204294550546,-3.6498962024147397,1
-9.069024535793083,-7.988488892020538,0
-1.243224087013306,-8.754993151163802,0
-1.8190544033456812,-3.7639799517018813,0
10.630183772135826,-4.291212300634258,1
-3.166504025588725,-5.673424033325568,0
-9.844910507099726,-5.470919477130024,0
0.13329754581147668,-6.037238159706086,0
9.082272418290252,0.7863375710735825,1
15.347949920604293,3.4048715620112273,1
-3.355080354063162,-9.496782726551993,0
14.764377535319069,1.4233078650716073,1
14.811910117376689,0.717671167713282,1
-6.473491146721784,-10.091734843701268,0
-3.0895338240046977,-8.144607415986222,0
12.312450000294527,1.8122610667278167,1
1.3525541327067554,-11.629480340365518,0
6.340449327655568,1.5486943308742729,1
-3.5600579837272694,-6.0706642857781095,0
-4.199620875908246,-7.005185871031594,0
12.037101253408968,1.1107793116940248,1
-3.776754814689028,-4.477925483007329,0
-5.590712593765298,-5.285857809137186,0
-6.176153951396357,-4.353019068204272,0
16.09575760933197,1.2559990280626163,1
-3.3849275884992602,-2.5846668299436164,0
12.609500751015332,-0.0021211576387359654,1
13.293595963253017,-4.811951389330742,1
7.435284695345985,0.2135177204463468,1
5.768441870578012,0.12465135448817644,1
14.639874335603409,-0.5458511344644545,1
-3.369063930026124,-3.7493859446587714,0
16.047891836970706,3.4351072227319284,1
-2.3494495948970293,2.310554587105751,1
-6.72979298584139,-4.376217078021827,0
8.186820300531192,1.6086267973409702,1
0.8210085169283152,-6.797736691023939,0
-6.563704534374508,-5.83198543366883,0
-3.426407576038814,-5.350045168192684,0
-5.6222860853434025,-5.493256672027945,0
12.2142941749589,2.421208321900822,1
11.469676938213233,1.4855661123071082,1
-1.3111414314880916,-8.79450650323126,0
11.814273422952112,3.651665362858549,1
11.070256042791055,-3.366289976212922,1
1.4497572109663697,-1.381852211127412,1
23.888246581776322,0.5808479277237395,1
4.3773455313278244,0.005078933990665252,1
-6.675966834003971,-3.960656191473979,0
9.16358428458556,-2.6001299740254296,1
4.814513507511284,3.2367809686391826,1
14.183854459869664,2.2877913539016346,1
8.04862755413726,-0.17779520559248152,1
9.12386774654474,-0.989700655837893,1
8.04486965589561,-0.07968683152656372,1
8.134917916202774,1.219659688852757,1
6.775678570478208,-2.603256068761439,1
11.976410164598688,-2.574191787025305,1
9.26242083570734,1.4121035156311652,1
-11.166297064438975,-5.177883488566095,0
13.730801411116824,-2.2878886820717756,1
-5.388684485516652,-7.4439593696833946,0
11.36617182207492,-0.35390334710218235,1
2.8712220117656813,-0.2722404668453638,1
-0.6356962120614686,-6.563325190048582,0
5.903548688189019,1.0056197270995766,1
11.036620749998509,0.7636387050361766,1
13.259234176146371,-1.2664904034854598,1
-6.004654561200505,-2.598360887867515,0
14.621317668097145,-1.3109981021675978,1
-3.4894415183571987,-7.878049460499077,0
10.085605681135903,0.5742514340883732,1
6.929659432899864,6.045596464336846,1
6.706481538449767,1.443206871482805,1
12.220649986725878,1.4404007776327346,1
6.9122341267303735,0.07237234401259486,1
12.5895496454116,0.18091918807650506,1
-5.966392834599334,-2.0739943320486898,0
-7.621111157768604,-7.668147285455669,0
-7.7519804091833855,-6.219337199078069,0
14.204904927379895,-1.5701281928092252,1
19.499590971185032,0.8435355488617907,1
-2.093561605077415,-7.860455203529426,0
-0.7477106030991227,-4.656832163479379,0
-7.0568013937820435,-7.435212788306245,0
17.87957949195323,-2.2195650226769104,1
11.40371084015417,-0.3804608271264492,1
12.296950758058767,1.459441382124411,1
6.800260683236638,-0.7230614456514347,1
-1.1003438765433842,-5.745847562006569,0
10.59548665885642,-0.9974316481017448,1
8.32739836927026,2.2119585976278366,1
0.33580730820064986,-1.8670739688526128,0
10.220793978662638,0.0209536744940516,1
-9.02692527401129,-4.921552321501183,0
-0.35447488247348824,-7.548326240483939,0
9.13066356408238,3.2203652265841747,1
-5.000001464845418,-6.383605496637423,0
-2.1602519229682526,-4.479051536100813,0
9.735909824204612,1.8166745230973451,1
10.556876052717648,1.1607873868761645,1
-10.282174877835498,-5.224767126830694,0
-6.307314340914664,-4.281085968061827,0
-5.039070504647302,-3.748589025262515,0
8.836973030814924,0.6404650740497219,1
-4.848928294253575,-5.829252843133572,0
8.64734745591476,0.42291529994663574,1
9.396480724889765,2.746149581270797,1
-5.668092377893106,-4.499439925763864,0
15.507334422740847,2.436665624800647,1
-2.245286068743533,-6.51452363764572,0
4.128300018020117,-1.647091213032996,1
20.16056618500915,1.357741014233309,1
0.033506642385325414,-8.349870207773748,0
14.57287449759925,0.2512175596524103,1
-2.7678268407084405,-8.26654609464741,0
16.827344134008005,-0.12670660759497954,1
2.1002466903209323,1.6821239048918186,1
13.998941013082522,0.7792133876570122,1
2.477045427953624,-0.7820685637004147,1
20.573117827347474,0.22128749280865498,1
-3.798558259345136,-6.8318285251442195,0
-3.781118277441712,-6.809662660987039,0
-5.276041141804123,-2.568426404784213,0
-1.1959534207365192,-4.164739231134609,0
7.607239650820993,0.205897295100446,1
-3.24906265123482,-7.966365251213611,0
-2.870922795278087,-8.292589028809273,0
20.419076015625556,0.17627367335312266,1
5.695739547630722,-2.1862282853218047,1
14.556652089993161,-0.9950302933013259,1
13.12724012845678,0.15716418574289956,1
11.381292883947637,2.93037452046956,1
0.9940483685196462,-8.515885364827374,0
6.007116790542961,-1.395306094575165,1
-3.1665269197989456,-2.1238534091935275,1
-2.324947560648776,-7.215059145804157,0
5.874342497259258,2.12025983355322,1
1.0969085697829124,0.03876282544217169,0
-8.599442335479267,-2.1099069730666637,0
7.753309349329422,0.07971150147565852,1
1.8332551845993024,-4.170834987421657,0
-10.206126350883434,-0.9562478506277801,0
-6.605188756749081,-6.547268764313102,0
5.534754207959189,-2.764590428914001,1
7.538932743847122,-1.3761193073193314,1
-2.086686302471389,-6.012994462965039,0
-6.570573057712112,-3.1214167985089967,0
-0.8432526479089306,-10.120740617021385,0
0.01944792773732118,-3.5416862066597665,0
18.772514018653727,0.5005514482687846,1
9.522004002153167,-0.7752663195969405,1
13.065267994857617,-1.751201779469541,1
-3.1150906119065893,-6.611790687243863,0
-4.99462967248518,-9.953856540835817,0
10.509626801227443,-1.5041903673224617,1
6.372400778543675,-0.9800961481548864,1
-3.594016427738705,-3.8816013165543573,0
14.545144622761672,-0.5464148214340899,1
-6.655125400737422,-7.4820520682332505,0
-6.756829634756844,-4.350046178092404,0
12.422844921434642,-0.3641621928052441,1
6.2248649212477645,0.7730040833309306,1
-0.6347591848337077,-6.860215953094922,0
-2.8145860828818465,-4.7416547438621,0
11.090588854388496,-3.7289578454821593,1
14.278625753413491,1.0483951587191827,1
-5.01421713855489,-5.526693877552674,0
-5.233059109968795,-10.013256676976368,0
0.7979649011532768,-9.146039929084498,0
-3.3111801825606006,-5.570769656341113,0
-3.698689618001521,-10.173168435668487,0
5.073948976886112,-0.12383233807153375,1
6.850705758475902,2.0074497530476254,1
7.3686239624729275,-2.2024036902910744,1
18.345383258881718,2.544089220268446,1
8.981047109800715,-1.1833050404849474,1
9.991938930683103,-0.07693524327499986,1
-7.644636186621462,-2.9617671430885184,0
16.744931878117807,2.3504949293485065,1
-2.6715713792946993,-5.177861640003955,0
-4.108501903620514,-3.3336635368290826,0
-3.344588305789417,-9.58323240940548,0
-6.007393697717683,-4.668658651705978,0
13.456765153936079,-1.2174810308797608,1
-9.609468571198994,-4.277857949903945,0
0.2962542639595549,-3.7393423637221623,0
-5.217187882943989,-6.146209811976372,0
0.3570905658173551,-1.2543521351837594,1
8.206330076445777,0.473155171259007,1
16.729724355872435,-0.5055427301176688,1
-5.096675550717137,-6.840014173911635,0
5.946241753614227,-1.7036841411779708,1
9.811143285404256,-0.8674144214696182,1
4.501092111487982,-2.151867124826673,1
8.851364480134233,0.987851121931979,1
-7.466417692177329,-4.35490107931148,0
-3.540085804846146,-8.43883948369935,0
-0.9279569601992677,-0.36275320992122007,1
14.706054177593678,-0.4684981988595586,1
-5.115422603266483,-4.040919603229431,0
-4.149235507959657,-8.680519059574985,0
20.74981081212733,-0.5298320882181909,1
-10.191689466884307,-10.696542712023769,0
11.420137697885457,-0.37144586411235125,1
-5.0148615064280735,-4.925289330487041,0
-1.1956846385430957,-2.4797156068547532,1
4.331040247227575,0.005821569672139106,1
12.040661211642949,-1.8178220129461542,1
12.213262203340301,0.4076605561455539,1
18.59618601410535,0.3160675701998975,1
11.16069356749131,-0.6999012851564831,1
-4.98672917010633,-4.150250044189649,0
0.31722833343921053,-0.6331824078167988,1
7.679085423626472,0.0761715989493538,1
2.218222430421152,2.1891980506726263,1
-2.567532985971985,0.9399934468471404,1
-1.3279280736607593,-6.192328759587276,0
-5.438819988550568,-5.88271829993486,0
9.400033844861314,2.7055784027667937,1
0.8248235180233374,-7.402954915424196,0
-8.314454154536808,-7.311659215887641,0
0.9712939452503813,-2.5359166076746735,0
17.62417872904806,-1.613108707567158,1
19.197630006219036,-0.1882949323573664,1
3.783263664592927,-6.277392894525337,0
-5.572168784690043,-5.938657656206807,0
15.079871848368422,-3.589476910414662,1
7.895340009510779,-1.2207701990876418,1
-3.075384219936681,-3.73226624687342,0
-2.4358982059686767,-4.014916317123111,0
-5.022820454434938,-2.710893023108231,0
-3.055948636377435,-7.72213203021912,0
1.5122638552445942,-8.966089063334561,0
-5.9976360626823,-3.9367196874316432,0
18.043667393755964,-0.01928003496664641,1
-3.2084422186517947,-5.230139623240685,0
-3.9072935540558813,-7.858051383763178,0
-5.953740770074617,-4.61705640814004,0
-8.368165629700936,-5.4111159833758595,0
-3.2767001952622103,-8.421787169259629,0
19.041433941313393,-4.087322135715452,1
12.987262920737818,1.7230146411864593,1
-0.8752111441116153,-1.9862186621704814,1
-5.067083728347138,-6.263376180890618,0
-2.067771886186094,-5.940041652709793,0
-1.2651139295750182,-7.015148608165866,0
-3.363087739912256,-7.699076108468137,0
0.012125824585837108,2.5761359057726594,1
25.27463340190845,-2.388806455656256,1
-0.9430505715406396,-6.154658118066834,0
12.102720285331447,1.8980781450794932,1
-2.050140060432537,-4.505290561090552,0
-2.995636314861291,-4.6842737686081,0
-6.962391748976356,-5.3155377990061226,0
1.7553371471454309,-6.757039999290628,0
7.427776613793536,0.46754261183930307,1
3.626686632625688,2.4130236217659373,1
0.4210035826971179,-3.100003256306974,1
13.732328770568653,-4.192985158206146,1
12.208027384276276,0.798715488692796,1
-5.730580909897939,-1.9381455699919394,0
9.15777306697711,-2.227125512034548,1
11.445909886241592,1.7249308384115531,1
21.24092861135665,-0.44333190888315915,1
10.723112186172044,-0.8316124567520414,1
-5.090585981662878,-5.571872320550386,0
6.107998642429045,1.3306665317656927,1
2.4240442252824916,-0.5678284122715076,1
-3.4710323226766397,-3.8218927809349537,0
6.678717717101364,-3.2858821024982534,1
-3.6411144563786753,-5.227495966727024,0
8.235827007993699,-2.4927577129641425,1
-4.884883274228537,-6.851094554981938,0
14.455094319279162,1.7409320795069732,1
-1.9466528121943374,-5.319207785851854,0
-4.553802799419286,-9.357219041493734,0
-3.7076002745362104,-7.443000912264214,0
9.796203185003986,0.9047529551588448,1
11.211685576629925,-0.19256689690007936,1
-12.914729682353032,-4.056984475514527,0
-2.7711738301335256,0.3500964632257594,1
13.393073887447311,0.8651815704690775,1
-1.9056032598824064,-5.5098286529187375,0
-9.021423566102232,-1.912427030378578,0
7.808338494378064,-0.22345736917254294,1
-2.9558532457416673,-2.858519878316629,0
4.388564984684232,-1.5189954599267341,1
2.8156585476654428,-1.2524270923692153,1
1.1349716173864923,-3.3747356555271626,0
11.584877583693782,0.6595711770787736,1
15.369903894487551,1.2735627578905746,1
11.028739978650496,1.7053544198191122,1
9.31533955320819,1.312193362138173,1
-3.7804137363352557,-3.124270298575761,0
9.747403895423833,1.6308194894181007,1
17.36873553505156,1.4339625112185954,1
4.643283351209745,-0.8260262721612636,1
-3.065543010212349,-4.8954374758309065,0
10.219515437292435,-1.5210637105042044,1
-7.974062066170807,-6.315842097500566,0
3.0926035180520115,-5.008557100717041,0
16.525690554851185,0.9844928517755874,1
-7.164835395188975,-8.535257968178716,0
-8.458412110857235,-5.506575575184204,0
12.509739962128961,1.698421043007534,1
-6.38144796359712,-6.495466148029042,0
6.06553199053964,3.329597315892619,1
11.87777410537341,0.08622037063242077,1
12.435081501786078,-0.3288061023650223,1
-7.6770949325912365,-7.193320182288911,0
-3.7570280662113102,-6.399649489131761,0
14.309447788384553,-1.070295858161201,1
-7.387211853384163,-5.062577914048868,0
-9.625223849490427,-5.544471435182309,0
18.713551914845723,3.6652035165554144,1
-1.4137072936433803,-8.36564026067536,0
5.205957963381744,-0.302596946359779,1
-4.929634844645007,-8.319897730251448,0
0.09450447261056816,-0.11378531192680658,1
6.812997546886779,1.791551406976591,1
-3.1247661967762417,-5.992234012706258,0
-0.700761644642649,-4.268879542767802,0
-6.389235496106976,-6.350428895503356,0
-2.9211089850139524,-8.305781623068762,0
-1.4143299008388208,-3.6984934912793728,0
-1.0581937584224956,-7.442450659792585,0
-13.548319182242231,-4.230405129011086,0
9.87016902421726,-1.4949825554705067,1
13.712202199695408,-1.4347034642525114,1
-2.1170037604166048,-10.147284825193928,0
16.28506048306677,4.1491780903561155,1
-4.711343457529662,-6.568238609256582,0
-3.8823722814711332,-9.542276613429607,0
7.227269296586009,2.143355107866836,1
-7.283694808387286,-5.240284996969575,0
-3.1125256434462116,-5.283808741585916,0
15.161759222245756,2.6971476228781746,1
13.134482744710429,-1.1855911412567566,1
-7.39485725767857,-3.9447885065162396,0
6.995161487109103,0.4015184296336311,1
14.185869517253007,1.7785512645270274,1
4.42512977855324,-0.8008042747284082,1
12.033263247366106,1.150221209783401,1
15.141722423001271,-1.0983254232354558,1
-6.984345061833288,-7.948259171869014,0
14.464618997120782,-0.04235285429985492,1
-4.965149149249757,-7.104173692974807,0
1.0261861581621137,-7.54032794298608,0
9.623898548623638,0.5247597243710374,1
-2.4229349378407226,-5.560551127614585,0
17.590433634237602,1.7998082465879839,1
12.238511284702058,-2.37354291262421,1
11.351767038699759,1.7760938077719777,1
-7.602269671574955,-5.341200785434265,0
0.9521518817364258,-7.875351028288198,0
19.29882411158031,-1.6246063471998724,1
-2.3092062508307056,-7.41612651636036,0
-6.749074818737556,-7.320540930544421,0
14.020858155178873,3.9902838005027457,1
6.047567699981554,-2.4024425676124532,1
13.426406456818018,2.088677513088795,1
5.61425747319521,-1.8944454581349952,1
-3.423110152821307,-6.481339884219885,0
1.2756628082379002,-9.012000602777928,0
20.088506301018523,0.5506043068293153,1
15.082347110938628,-0.9107182170851857,1
17.39660778587194,3.387711852717207,1
-3.5067103025984303,-7.672531094848965,0
-6.801952851609176,-8.190118977492306,0
-7.634392778906138,-5.670186665144578,0
2.3953813414240654,2.151299771641909,1
-4.109702239725406,-7.280201186911775,0
-4.656784914018767,-5.610191581050247,0
-6.003385083483961,-3.1348507650321484,0
12.261179336254424,6.321326014908886,1
10.352288765215745,-0.35877237745243096,1
-0.4005247102085727,-4.715086160820101,0
6.223558288145194,1.6772548613921812,1
-5.077644418564198,-6.855155524289035,0
12.33225464099798,-1.714242784434848,1
-7.093749510118359,-4.984007965576037,0
-6.387632841024063,-6.776808830789457,0
12.026552549234317,4.06382119551913,1
9.386225989708967,0.6755135256313454,1
11.7546251979632,0.788180283633064,1
-4.253310613628478,-3.9351120511845643,0
-7.077334485363421,-7.289090432808111,0
19.464949463204633,-3.836681121087639,1
-2.42374518223851,-3.5563390275556603,0
-3.8742187836696673,-6.508790350711556,0
-5.270083517090614,-3.4292785376856125,0
9.831561717488055,-1.3128686679032402,1
-5.315900231853323,-7.47779661878778,0
9.443238859963365,4.450434109024459,1
-6.9233051081474475,-8.178077760736524,0
-7.001567826735377,-5.4279238401966,0
-4.232210623179539,-12.79506341869882,0
-2.373901867453101,-5.327865643517803,0
-5.289800334964166,-4.729592976041273,0
-5.228910687695224,-6.357342306602653,0
-2.3281794464611156,1.8828741917391902,1
-4.835504099897393,-5.499911400720251,0
6.466684556360073,-0.5191712974145168,1
21.583819555150072,0.9748255156888763,1
15.841603828833293,-1.88607513797332,1
-6.308435727478687,-7.694813484170525,0
9.893441485484336,-0.2157431167484387,1
6.834934721519138,1.0281661490419238,1
-1.0359193888806968,-3.4299185586516017,0
16.058641568730938,3.0445722319912076,1
19.424835854033937,-0.3693139689322248,1
9.675369418985225,-1.2184326664274967,1
8.015362292657226,0.13259135631589786,1
-6.480592678668851,-7.91856620701994,0
9.405025843732938,0.8762264184986883,1
-6.075490335108876,-5.95545274076274,0
-4.157823339231344,-6.410367247371514,0
9.891550073256093,4.779697776827312,1
9.963933275547795,0.2057095951931244,1
-5.706957050225935,-6.726499172866056,0
-2.009682669963216,-6.345116065140098,0
-3.598286343701897,-7.469752531652982,0
14.94583548599678,0.5051608308671491,1
-2.505103063463018,-3.9802834448017212,0
-2.8978848932264105,-6.698362981869663,0
-4.088241941777792,-8.736869808180256,0
9.145304889835295,2.0509527879112954,1
4.688485157146023,-0.4105865356650421,1
10.479008950903303,-0.44970697966605905,1
8.581515198279172,-0.5819503621669648,1
-3.6533000303423786,-1.71958013459375,0
0.42384491974049343,-4.963929807493839,0
-13.637277647921149,-7.621535216457361,0
-4.32860716135348,-2.6780939352759874,0
2.5208343681081313,1.9931792654080687,1
5.046066985950841,0.5354284032075103,1
5.788245822207509,0.8374599470767439,1
-3.6204953096226604,-4.654760683221339,0
-4.988257413429365,-5.0194965177973065,0
13.213915462376402,-1.4467204463178804,1
-2.7295952787164444,-5.370314909831848,0
5.689808746449889,-0.9024030748185381,1
2.360970682728719,-0.11445475147379856,1
-8.781689449292127,-7.579062271209251,0
15.451594940136879,-0.5977098713459172,1
4.831921467683755,2.603008538714549,1
2.473978053462961,-0.2429601528552186,1
8.974245228721092,0.17709716616819066,1
-6.584053225533573,-3.559347960530218,0
3.281810085026888,-0.6756603984167986,1
-11.633348983971803,-6.013031270377906,0
7.7767133642646185,0.9352259762431704,1
7.201513202888485,4.24785848693414,1
-6.486143944972735,-7.171527507573299,0
-5.646238305292475,-9.052437495868617,0
11.573224733573783,-0.35643592189333906,1
-3.9178670162000606,-5.059903318029972,0
-3.112283029933229,-7.446930039234148,0
-5.488340708413308,-5.545120592453344,0
16.522791278317065,-1.0313726084551293,1
-0.08072771157751646,-0.5689301217274145,1
-5.108809542919818,-4.3566157406386266,0
-0.39444514741792247,-6.804075931046565,0
10.33057317019214,-0.5368487559590444,1
11.03247756205762,-0.6574121202696974,1
-6.91195122215785,-7.0460514323931065,0
-7.431346990600961,-6.066243888445909,0
10.353620791670068,-1.818517498020364,1
-7.470402808627233,-7.344096207275846,0
-4.656231752948046,-2.592835846983508,0
-6.610867675770878,-6.575397718845492,0
15.128366704959472,-2.0817259157218375,1
-2.798794334387373,-6.244370096482285,0
-2.3422967689886107,-2.9366879087719275,0
-2.105061630075349,-6.757264697396538,0
-2.3860166147835153,-4.064582657305214,0
-1.39726173261634,-4.545209384618723,0
-3.7077052286918386,-5.195398581673943,0
-9.176762389280013,-4.24820287302912,0
-2.438668123804757,-7.503935212337473,0
5.264104097054675,0.4408286321306921,1
2.373499161871785,-0.16133363829764985,1
10.128141097076425,-0.6135282894357087,1
-7.7192295627571825,-10.813700619636256,0
7.816274120845781,-1.822104075060443,1
2.234082298609464,-0.2855223192104423,1
1.514403293623685,-6.5381350186701255,0
8.408175026275691,3.0093047143713223,1
10.35832982308347,-2.9971201214386483,1
-2.770849544431501,-5.556181515294776,0
-1.7858898415812998,-4.960381535974264,0
3.5806847758362848,3.6737053827477597,1
4.085064509663825,-2.605349987360957,1
-1.7728388796465366,-9.011495232512067,0
-7.8321748052405535,-5.624853570979138,0
5.6548516166208795,0.07040034927173631,1
-3.0946455806111146,-7.669955691240098,0
-0.9370419488222859,-5.69837214136544,0
3.828232249501645,3.4432762274410513,1
-2.1596823858910454,-4.209033505144631,0
4.8592530087878165,0.9164680189681358,1
-5.351450383958918,-7.7719803804333445,0
-3.4457169197550366,-6.802285484112491,0
17.649926978060776,-1.8845959739215479,1
6.08017011519766,0.9655626389006611,1
-4.8627450036644735,-5.173618427382637,0
2.199026977569538,-3.9825532303489832,0
20.70654244637896,-0.4416167127965304,1
-7.088967018569422,-5.107421467658167,0
0.2960577256629664,-4.475430726618569,0
-2.823319297428222,-7.6400965155461735,0
5.97819489119634,-2.4347657296560326,1
6.895605911294394,0.08861990652745105,1
-2.6114596249868454,-11.196038565291744,0
-1.4646516303645627,-8.952677104909899,0
-3.7684417864966275,-8.581487084306548,0
3.7118447444797606,1.1192250339310057,1
-4.595944043493642,-5.704579833449608,0
16.713431834505812,-0.2525131621758097,1
2.3844425972946652,-0.6068303949259407,1
8.194388291230712,0.32270868682210657,1
11.3909476917553,0.9003267969288564,1
-3.7748585984688128,-6.758778966478455,0
-4.64312768484182,-5.799776240202573,0
-1.8533536041621388,-7.179575436663285,0
15.139084398142725,1.4105186525830262,1
-0.7474389876886152,-1.9905552627338032,0
8.938534700023608,0.7082730925933404,1
9.685411478375515,-2.893930933866314,1
15.355387649645582,-3.1960839608620852,1
-10.52383711428165,-6.620328117540834,0
10.648967875604068,-0.21778625336745097,1
6.528897274584394,1.2443844056733293,1
-0.20223759888561554,-3.3465758245583466,0
-4.408426841310195,-5.1263212393237945,0
1.5303163456287523,-3.8422369314071227,0
-6.2773522421084165,-5.295789616950511,0
10.268905327645493,-0.5248485583643555,1
-1.3129671020094444,-7.394055855630566,0
-4.422056527169123,-2.681819279927126,0
15.611247331146409,-0.9011923362108913,1
-3.1582073356585987,-3.4145415113035975,1
11.577818659800306,0.6856606669040051,1
3.219393416371201,1.0146115159445401,1
15.264714838571486,-2.4122761285801806,1
11.59250784349609,-1.6860338706632196,1
3.886911411271436,0.9456984032467471,1
-3.198920578604757,-6.533773454360787,0
-4.4900615710683995,-3.5634554482173177,0
-8.04917176525554,-5.032679675934157,0
-6.503481016108143,-6.132951901320966,0
-0.15489737907289136,-7.072524721067142,0
13.848830287669742,-1.1855551173057022,1
-4.6551339633924895,-9.21131832095105,0
-5.7168778647871115,-3.9494428865603584,0
11.043751287419568,2.7332615144100956,1
-10.010399502939123,-3.0529413176820386,0
9.178203639407348,-3.0448002402355674,1
-4.736272733981024,-9.08103033238764,0
4.426865872261616,-2.817853946034414,1
16.602578880410793,-1.2939959719554708,1
-5.368410263428098,-4.185276910769177,0
6.114461372616789,3.43722960123339,1
14.29210781683232,-2.1123530364812173,1
13.655609543996693,1.1719899822354252,1
-4.251849494694618,-7.860912686692272,0
-2.7364891789944616,-5.39180646886823,0
5.960222142755919,2.01330017751742,1
6.963370194407214,-3.1927093663033532,1
6.982141705389239,-1.191461138436688,1
-9.259965999685111,-9.442051621428107,0
