-7.194571282477599,-6.050380998356266,0
-3.820861972282071,-4.575414307472804,0
-5.785114680716699,-7.055097932996931,0
-7.6142304648073615,-6.238869803447382,0
-7.882091995152795,-3.294835338916122,0
-5.322597783513091,-4.13480896932702,0
7.920144302096981,5.442726964816607,1
15.21122365175293,2.9625421359947297,1
8.764451997835954,1.1805750128894994,1
-8.40121490342366,-5.651265512497078,0
-6.230105519773345,-2.6606370458921305,0
-8.061039498899712,-8.725544872235927,0
-7.560575848280243,-6.499701464435811,0
8.767476346814465,2.815801649585242,1
5.572603767203725,4.023985835073967,1
5.9879268156820284,0.6571849157493759,1
9.811207035858661,0.29858482125978947,1
11.383019439989338,0.23566812794978442,1
11.29478758148873,2.2080788252012757,1
15.785061895671156,-1.8807109190803937,1
20.134672509856415,-0.374370473697367,1
10.816913505556705,-0.3661431171518237,1
10.636826924434505,1.6922202785129454,1
-7.44900520992806,-2.1446373993553776,0
6.118967382860674,0.39886922186994234,1
7.677740647756627,-1.2078500190088604,1
-3.6333618608987766,-5.061105183349186,0
13.551944329431453,-0.2532150769788877,1
-5.7271533071280425,-4.790871852953197,0
14.74858908612906,2.359719331653323,1
-3.3276331607312977,-7.3478566083432595,0
7.4738470922693345,2.6392396602473864,1
5.509477445482676,1.9885023838737719,1
8.196481042003434,-1.1468732653219256,1
3.5696887362550918,-0.5730935341956616,1
10.299587359849482,-0.6951078890085933,1
-6.724464701328995,-4.942192772106237,0
13.169080983074338,0.3450068966363079,1
-6.641951815847916,-6.160836166944784,0
8.191689877444823,1.4643817790730589,1
-5.443155663182784,-7.424075295710122,0
5.540729708390086,-0.5935999283336577,1
-2.520258204542038,-12.703951350496576,0
11.39013505129229,-0.42621957964122825,1
-5.787852230068821,-3.2483375565782446,0
5.871434663935112,2.334504125997398,1
-3.157170274653643,-5.722982070617563,0
-4.1249598017605456,-9.216839793666193,0
12.452768052869112,1.4713068853519686,1
-5.483987632718751,-5.9308207462688145,0
11.63402889775501,-0.25543023738380044,1
14.852223819416622,1.9853281158840463,1
9.753377796732144,4.510399769642749,1
11.368871340774762,2.7073104293265113,1
14.983854283929679,-0.5843013660970569,1
2.9026357106272638,3.459208339929527,1
12.00833622601947,2.7291003221967385,1
-6.476700254025127,-4.490682558477797,0
3.9428196899445958,0.34112146882522487,1
-8.974090840489986,-6.176172203580131,0
-9.716781755750823,-8.278078137457223,0
-4.301986738151377,-3.9549625222319578,0
8.14507938955448,2.2018222956082845,1
8.1782500963585,-0.582425587090359,1
-5.091416269214288,-6.561696273943209,0
5.808246690679076,0.8712228316639942,1
10.513891519305883,0.5690138865828799,1
-7.311045759189575,-6.443461145766076,0
-5.251733290743514,-6.408243989576544,0
-5.309014285631084,-10.18023530838519,0
-2.978019411376881,-5.5146701203587565,0
-7.49754337003211,-6.627271540529049,0
11.801941722217789,5.876515442435872,1
-7.732356389859481,-1.0986839181299182,0
-9.461472330543227,-8.108579544206862,0
-5.405137635347863,-1.921192009486652,0
-7.338772145771535,-8.181647827098923,0
-6.522141534580445,-4.565493677192759,0
-3.393318457443253,-6.275597348821494,0
9.503515895875577,5.652726427066213,1
-7.001653521758566,-4.463147214538249,0
5.8965457259858525,-1.688672216771462,1
11.041861266412555,-0.7338663684486564,1
14.581539278025875,0.8096071812673528,1
-7.4196371138109125,-5.149011751273703,0
6.393018863108136,1.4229200458718552,1
16.102146074043958,0.9139310736227775,1
-8.050685152724473,-5.067062250216166,0
-7.3737210199098815,-6.2001741718956005,0
-8.400914627183813,-6.678801336991693,0
3.4010969909359057,-0.43367479988355284,1
6.497594851023461,0.7922989317776733,1
-5.370481351852394,-8.194506187663897,0
-8.499026064602964,-7.027401247107509,0
11.844497616640606,-0.2764081234496347,1
-4.083834474490735,-7.450274875031288,0
1.3649251076494213,1.1375270767834538,1
-4.221714938388813,-3.3348956089952084,0
-5.911915707261464,-5.598854086513752,0
12.09854093978457,2.3091228696014023,1
15.081417716323228,-0.4477957305593052,1
7.441931507363652,4.564886055020423,1
-6.679824617917974,-5.102448126475948,0
-3.900307726987212,-6.253885072523505,0
7.232699879543731,-1.8931178031819846,1
2.162111115934228,2.56193184156671,1
3.2102920701125734,-1.5913354133894853,1
-3.4174414004230824,-7.569453464484736,0
-5.562507949624124,-7.719528659553913,0
-6.9256913178074795,-5.365209396884791,0
5.8808532725315255,3.116845613026869,1
17.46093809929004,2.17107668971256,1
12.351449918990014,1.8855929851154727,1
-5.250335580316561,-4.562398351908507,0
11.391739033080512,-0.8032010599958939,1
-3.3705833341867737,-4.435474491637125,0
5.129448351670995,-0.6204800225171756,1
7.709949318797069,-1.279643486646446,1
-2.0541640203934786,-5.661093333362618,0
-3.6779004937937616,-7.3378974677863305,0
-7.021402813674889,-4.512877024536233,0
-3.0228455139018586,-5.488812086465819,0
9.07261184078241,2.3725408100122047,1
4.733280863997877,-2.4877862156243173,1
-4.584889258831434,-5.821035446589861,0
13.81915194651951,-0.004180604615523054,1
-4.7317240053461305,-4.412365825538305,0
-4.826626153268084,-7.921088325548418,0
6.217569747042145,-2.7506469816786328,1
8.348365379563397,2.15589219143039,1
-3.876827955175357,-5.678965595810188,0
6.089989146837555,5.866887164632909,1
11.037013307362823,3.3342677428555194,1
11.454781535221072,2.6815186094937786,1
-8.430341483683433,-4.781003233243089,0
-6.599451046069873,-6.712869182675575,0
15.18339187149834,2.5652465780636193,1
-5.270790240873337,-6.1560007685956535,0
-4.462063465614419,-4.636802841293236,0
-5.694382012523312,-5.734276235499152,0
11.10859634127856,4.474147054474443,1
-8.341972980914072,-6.757416744419222,0
-7.270424679426027,-6.897972676420949,0
-3.3860119989224886,-5.3572951096843004,0
14.527477255469195,1.4901254842528258,1
-9.21339051860927,-6.031876358306813,0
-7.762920941954627,-4.164616547223391,0
-2.9843039761641514,-7.483716995357764,0
7.754736256114166,3.643492937357081,1
7.392020633710401,0.8488954281404465,1
-8.374117447963437,-6.471367202479006,0
-5.742254474380326,-7.543976917999158,0
13.205446160092478,-1.4873935748525877,1
9.780171678866985,-0.0931608448953638,1
-5.1772040045517915,-5.989822496029794,0
-5.322116946811628,-6.142933609851226,0
15.573302537287134,2.5213739112258953,1
-6.28037794952457,-7.604215494535534,0
4.6529974767489595,-1.535929512602987,1
-6.757939680713604,-5.732343225022841,0
7.840961645517673,1.2267939946365023,1
-4.945582111339445,-6.098963627327901,0
-3.429165170419278,-9.189688087212815,0
8.180510009724093,1.3763550206919422,1
-6.399553706427866,-6.690918337789477,0
8.744527586946397,-0.30090576955976966,1
-6.38276982275647,-5.225224843226027,0
13.369939429104395,2.7620371983808685,1
-7.079174618423815,-4.714260794562495,0
-5.021570209051035,-3.634518846715756,0
10.255664411070516,-0.5087839562584844,1
17.463155961696415,2.408057040919966,1
-6.006695521876433,-5.304133870175287,0
-5.480814953509361,-8.469227683093147,0
-4.6401994577892545,-8.235581072287914,0
-6.9513743477293435,-6.8253776965644235,0
10.183274759295328,-1.2319987453263703,1
-8.292557967812574,-8.154805055606898,0
-4.504696394224542,-7.145150495309746,0
8.798493191993199,0.7233919744099455,1
10.563186658069059,-1.480657536098294,1
-6.4977566064287196,-4.822682909161343,0
16.298844264599133,1.662440480669616,1
12.712942953459393,-0.16315815294059988,1
-10.01320306808741,-5.281494301333235,0
16.157687479205364,0.7636083549872001,1
13.33331888858774,2.702901483290807,1
-8.478724662918601,-8.854835907117867,0
-6.696401734351429,-5.456475473677841,0
-6.908077338528934,-4.18554188597279,0
-4.89363624894789,-4.4565389629035925,0
-5.502329803270623,-1.446606800803476,0
7.587783302918705,-1.1485298745664156,1
-6.081647715453309,-4.16106725607924,0
13.929692138035922,3.2442140553158842,1
6.121490652454781,1.1690331740379334,1
-9.720566402063188,-4.536682224070342,0
-0.6755703682869463,-5.383038862953163,0
8.662913962764462,-3.049672898996846,1
20.19401629757286,0.2933316783593145,1
11.686267884103874,1.9382225108854967,1
-4.27200774426974,-6.011825722409509,0
-5.419222425145726,-6.3315481746360485,0
17.2407685025519,2.5593449942555266,1
7.0766246701880755,-0.33637274896964264,1
-7.673708297758439,-6.847960643967736,0
11.661781708694901,2.6277700417045637,1
-4.654487288079148,-4.766452342473473,0
8.555671930895379,-1.1162799170670534,1
17.39501309918033,-2.4424819958286914,1
-9.447989829780973,-8.314976562887392,0
-7.883364527022982,-7.164810055504843,0
7.468582978254407,1.1341173250661771,1
8.94621773731439,1.024931284324801,1
13.482058262517974,3.9428256766501244,1
15.603922834210188,1.1107141070069557,1
5.202013393833387,3.122932624462872,1
-9.11582856346791,-3.407514931951334,0
-5.087561673284624,-6.629306868974377,0
13.979098956645082,1.5607299530445493,1
-7.737998393625652,-4.9180720574811705,0
-6.708967466400978,-5.990211858515466,0
-9.154217956708713,-7.889868909969227,0
-3.1484817711895685,-5.227460069411363,0
7.905660204123182,-0.840252383663437,1
9.12253567064658,3.601216958327861,1
-6.474282205867741,-6.824754507398653,0
6.462688621044888,-2.576931962796128,1
14.285029808739264,0.6162966356010391,1
15.522709898628186,1.9074989124877955,1
8.661406314636562,2.746413676295573,1
12.019923510285963,-2.099448303069892,1
10.5937070034862,2.9203347014200642,1
-8.726956763919707,-6.933473623258307,0
-7.148902414635517,-6.381191215975766,0
13.452455993444914,0.9481224832377068,1
3.0385019573319303,-0.9232232596201453,1
-4.968570912825283,-6.145300930989279,0
-2.1306345722511035,-2.597515105344866,0
13.280556257125692,1.3837856214795097,1
12.861539193230803,-0.10920970469094082,1
12.259345336972313,2.369790523934113,1
10.911155185912069,0.3344318488928788,1
-7.845265624907249,-9.094013748228033,0
-4.306653788775518,-5.782465916752706,0
8.276843766460384,1.4467635674596573,1
-4.620507848299604,-8.571545019235417,0
15.3179216238948,-1.3242145081655528,1
11.725825440252898,2.4970461799209343,1
15.716642230905785,0.37131614102495225,1
-7.366047122708487,-6.175089321443284,0
7.558291330049276,1.8853934909163503,1
11.20366171181439,2.664109706781196,1
14.94978380779811,1.774395955389655,1
-6.343467439915473,-5.0098438223139,0
18.41445378513162,-0.6803198468407123,1
-8.805313555324728,-4.389887810962751,0
-0.5606360911187807,-8.30037727917637,0
-8.960895747327037,-5.975962849355068,0
-4.509436728099414,-4.892005269179368,0
-4.792440671497015,-2.2665697739271615,0
-3.6600207559613094,-8.908096757875699,0
9.657529975638752,3.4383855800441823,1
-4.206323911707105,-7.287135221998311,0
4.925213294120114,-0.4599856636899624,1
-4.832839460759775,-6.6107735921568755,0
-5.066905386546231,-13.470328292449093,0
-9.01609030586948,-5.708850225224817,0
2.692873282553844,0.7854458926809369,1
11.454352399851553,3.3009702827653618,1
13.789153019990893,1.1001760645073568,1
9.687098798442989,5.764702598761219,1
-8.18224918616288,-5.057999284554748,0
-4.8837022144332725,-7.205946685259004,0
7.639804211004295,4.232338300259179,1
7.359629249724458,4.560222098067328,1
11.926675068875833,-1.7201845635381092,1
-8.142371815709875,-3.675727044849685,0
-6.688957189522796,-6.714369783492005,0
-6.037864679472116,-4.857990276734324,0
16.432986697597208,-1.8249197543295783,1
-8.893389234689275,-6.983478229823842,0
7.587536275180339,2.458833546624701,1
7.353738569040189,2.4845393263483295,1
7.154227919449609,-0.049454998124967675,1
-6.3872644715074065,-9.077973671903344,0
-3.3762271608735297,-7.9660440882919,0
-6.064334625424321,-8.071473993971734,0
-7.636160662611305,-4.553118973713948,0
19.896619991375715,2.844586040530742,1
13.285900704510734,2.189505923919204,1
-2.981842753597698,-6.6368223267339665,0
13.787469341800643,-0.7906259194843552,1
-8.091049564626777,-4.220509565434759,0
6.639850940206292,3.75484242420625,1
-7.400256976643895,-6.402473314387313,0
-8.811510285561017,-9.403387070736677,0
8.784649122534377,0.9553514740111049,1
13.320700855261567,1.4418681727289127,1
-6.249693188629262,-6.892346039079002,0
-4.11857649476941,-8.356827747756888,0
-5.778641088006408,-8.565605956845683,0
10.977684951880248,-1.1446469154528103,1
-4.600356281547263,-5.660809422386254,0
-4.549100485508916,-7.31825928368675,0
2.2759173566516546,0.7252765714654292,1
-8.903653260615634,-2.947856621668183,0
-2.7721904258399492,-6.864849426608075,0
7.9191087620974105,1.3964173136048945,1
14.936919905946535,1.7476239836350875,1
-9.462942409226269,-8.74774224478935,0
11.070043880512774,3.0744062426851624,1
8.238383015865319,3.499512417392949,1
-8.057456421566037,-9.666699182536593,0
4.810579301680281,1.6139938398421805,1
-7.089040471480487,-1.8206628916374719,0
-5.9290422788811625,-8.706991961476511,0
5.6938677105512046,-3.522656214938257,1
-7.232895598214585,-5.854907205903639,0
5.773056215945812,4.055032156918818,1
5.879881200674111,2.4831793926600385,1
-2.3769640810278614,-2.8924841819033906,0
-4.53862266268554,-5.9706723777338295,0
-7.131497676804694,-5.061969333143036,0
-3.660190149437084,-5.822564840452053,0
-6.095564151793985,-7.920998598472496,0
9.193279271158728,1.9925614920228982,1
7.130579729340347,0.5528452766969785,1
7.390253873487163,0.9226437754793336,1
-7.579673752663143,-5.315493622944344,0
13.773412142668908,5.35261967153146,1
11.97354527282075,-1.41337426924119,1
-5.488431394552155,-3.458390451614444,0
8.555724232387316,2.507949731006736,1
-6.357668134940136,-3.8702168761136306,0
-6.703650926796132,-6.242121345771226,0
17.14512387315517,-1.21190502213412,1
1.105033760835143,2.0427627258312926,1
9.607334157485388,-0.2617899771465857,1
-6.5154994827916335,-5.199026329621137,0
-4.620962640935472,-4.353676542005905,0
-5.036796457469168,-6.915468817558451,0
-9.422726192794158,-8.192468030606852,0
6.947850463681368,0.8231641325995067,1
11.60166419240923,1.1564370631072087,1
-7.064907738284436,-4.851439441174856,0
-2.9738832877113555,-6.216492652168999,0
-9.51070938042568,-7.745725494838634,0
10.450669900573981,0.2359517391675212,1
6.8457541562978825,-1.9375749666606765,1
-6.852003977486113,-3.4425478055506025,0
18.958940973177572,-0.06465670036399884,1
-6.105901306622922,-6.578990116124287,0
-0.9883562266833668,-6.020035761378351,0
15.213380506231314,0.7888881140550918,1
-7.339365412351868,-5.050855918728882,0
-7.392277666461533,-8.575984689239151,0
6.436483227727874,-1.5802543695974203,1
11.743743668839686,3.104068307408446,1
-7.0662282607285105,-4.184649137045003,0
3.636764670238951,-0.18914907671273662,1
-7.886220279106091,-2.821950970590447,0
3.6572553215245476,3.2046764268343924,1
-7.550123347322703,-5.373989442564503,0
-8.246565292776928,-2.8726807500219693,0
-10.935781464965977,-3.855306860344557,0
-6.077786641131792,-6.875921186431689,0
6.997945124300195,5.06701024974433,1
-8.657038828091526,-4.170431509705506,0
-9.523497885052599,-6.008946022910511,0
-4.3898395898138345,-8.007904533370754,0
-6.296869990103113,-7.332677383824454,0
7.462982431127413,1.2841372783409117,1
1.4435263789824173,-0.2016026169934657,1
12.552426665848019,0.2505303359641813,1
6.336667235646306,-0.8103575097017386,1
8.573164956782312,-2.550446678748996,1
6.920289984525204,1.6886238626299597,1
-7.351840779467553,-3.1291233346806124,0
12.039988846181638,3.538624399650939,1
9.975091769822003,-2.112170106477097,1
9.856754660196193,3.5651940341575687,1
-8.401309481691008,-5.7953318206367666,0
-4.549783253287322,-0.5224039117206587,0
-4.266127823135977,-3.5205306657195985,0
14.475994960269043,3.301903236175923,1
7.490100214760359,-1.3041960170853777,1
-6.116901721009867,-5.511004127147849,0
7.1677958229222245,1.8579691447698707,1
8.672400800442468,-0.07431359277517702,1
15.872071086130049,3.3216675108311042,1
5.25631824466772,1.2589266595859923,1
23.166059910016095,3.699529977512511,1
-8.033910251873056,-5.809498643605192,0
-3.5561086567220097,-4.713580424703183,0
-2.2049216065692883,-4.073260162142075,0
12.485677460503041,-1.4086861588043926,1
-4.867251747079967,-10.015406711738553,0
8.909364362583679,2.99265171914481,1
13.242356435340085,3.9891241788848544,1
17.174134784343142,-0.8476382611763256,1
-5.907818652816185,-6.288698939122257,0
14.707147989199058,-1.6910420289272454,1
-3.2300995919439814,-5.262414882161279,0
-3.773986856172613,-6.351975236462472,0
9.629048515288641,1.5236944505523655,1
-6.757928708445398,-6.761155945548966,0
-8.296261484402425,-3.776762310039337,0
-2.656974660801106,-5.465241182989689,0
8.230165609413078,0.3608178299326199,1
-5.3245369544882095,-10.592731473149424,0
-7.436399856796964,-3.543703667516189,0
-6.196726069300744,-7.489303753187015,0
-6.1826003500132245,-5.0023328579634745,0
9.225633376906197,0.31988283017447783,1
-6.242724341297081,-4.757150178112509,0
9.581522313452986,3.562877781257664,1
17.777996312242013,3.074432617899872,1
12.719795196551846,0.6655826219462719,1
-6.968371782149126,-5.393686276869637,0
5.132698832538312,-0.21512138145016646,1
-7.875467326615666,-2.413085339106782,0
-3.5743144717216513,-4.26883687022215,0
-2.491562358875168,-4.884307638173253,0
18.393412971062666,-3.667778776373013,1
-8.586479225773235,-5.904269257050795,0
-2.7510112560367945,-3.328298619528531,0
8.03411341694233,0.9263704861467394,1
6.55782304536964,2.398608682245621,1
12.677488305896834,4.081747340737461,1
4.142961502628891,3.174431739884387,1
-3.8868325409681526,-5.561850843385337,0
-8.338253051157437,-6.01336926357521,0
12.294931773266292,-1.9188659888254622,1
-2.862550043369152,-4.671021938558994,0
-3.6414469522068433,-5.4949413827628915,0
-6.359446975529237,-6.005275719522043,0
-8.80611342139198,-1.2299424388268303,0
-5.012589150979634,-5.04934219883021,0
-4.566480486514964,-10.984528805011937,0
8.703253774622315,0.8014906525207045,1
17.826654057955942,3.657200348102263,1
-5.682583185335681,-6.649010989192055,0
-7.240326446741932,-6.015195717024348,0
9.288321302209528,3.0667138917862156,1
14.033767865089068,0.3990393166526507,1
12.86401681211504,0.626186459980304,1
-8.664533414388929,-3.6336457611380495,0
-4.694361348699314,-7.0936760232935185,0
-7.6173862471058165,-4.913832480008024,0
-9.474836649178403,-5.618721053231083,0
-7.28367340995189,-5.685264527959392,0
-5.296200403022929,-3.2540182966995572,0
10.660333444988913,1.534312772691249,1
10.095491109487151,-1.7928153347356885,1
10.453321872828123,0.6839196133757597,1
12.079040659194547,-1.8290157451434514,1
-10.13110201365949,-6.766783299979054,0
-5.640338738832052,-6.078824179077868,0
13.779457061907522,-1.8594516899366926,1
-5.708854604547887,-6.3836894885234186,0
-10.929559067297944,-4.673225478179029,0
-10.831417452027093,-6.450167605341855,0
-3.0152139372374234,-6.586565933978602,0
-4.766872634158975,-8.32157966299344,0
-3.606517990314772,-11.116642376012186,0
6.7687180250315455,0.6647517892407383,1
8.691358110830778,2.056427688975214,1
-6.535581352820913,-6.660742866238335,0
11.498028764531673,3.7577418334142263,1
8.686749121037263,-1.5774476107048079,1
-9.338301174872678,-8.886385237575197,0
7.834383695713097,-2.1973911215152775,1
-7.159553577787159,-6.140874230514097,0
6.221656184603468,2.8813726333983314,1
-10.426636579181308,-5.935039590411303,0
-5.813773101226636,-7.537192443203544,0
-10.083080435936786,-10.1724649999959,0
8.616714437896235,-0.6355010202948372,1
-6.423687096486767,-7.181489529694933,0
9.446379002254213,1.7127634819197683,1
-4.688028655454303,-7.028118261103469,0
6.8778715202574165,-2.1010943224778917,1
-6.057449555412086,-11.06938846502231,0
14.555540019591646,3.1325781676771487,1
-4.063397169438003,-6.8619112419108514,0
14.275619322438484,0.015262410655063285,1
9.765562620653393,1.358422861365112,1
-5.694999830091858,-3.1495685681922447,0
-6.823907643065716,-5.078653603807494,0
10.776213862239224,0.012564458001915968,1
8.709616374504572,1.976188840477269,1
8.56768801340208,-1.9898772190098621,1
-7.052450841043881,-4.028637515846924,0
10.129253655069475,2.9004830611913195,1
-9.03794193560306,-8.630207543629686,0
-4.573384470028948,-4.464854226230116,0
-6.757830070040833,-6.839212728316084,0
-7.657440018323564,-6.722658810532214,0
-11.213750855717446,-6.039303506367762,0
6.840989897534659,0.6254444009211108,1
8.234080225258692,1.9264832434252046,1
-8.622302372576476,-7.0356819161578015,0
-4.173791632675687,-2.5941701307332723,0
-5.803644023364213,-8.765409012670215,0
-2.638809456496658,-4.853015028553705,0
-8.066406819799301,-6.253154295617939,0
10.811950461989321,2.306957162754423,1
4.1700357789231,-0.8193592935516723,1
-7.845413130994783,-6.702274483939381,0
13.83853291219522,-1.4755613218450794,1
-5.116090123208179,-3.014354250698761,0
-5.8911582129699145,-7.583633590699998,0
16.39627122985108,0.39245086359959847,1
-7.1395789082045615,-6.275168139709174,0
-6.730772321094299,-6.339771776467529,0
14.535614393238514,1.520199003684681,1
13.647775077752378,2.3538627739986904,1
17.200739115874875,1.5538026166063479,1
-6.968048176719338,-8.713649253759023,0
-6.668836436487216,-5.888707459175488,0
9.478699823762065,-1.6718913685046863,1
-7.128701505783588,-7.678740146989465,0
-2.8343287908010195,-8.273249818809944,0
11.982688815812086,-0.2373497239919391,1
-8.294781195849861,-10.790094372084884,0
-7.155542680570261,-7.23767682046971,0
-6.542675304145517,-6.788187117169063,0
11.046572167834283,-1.6130325730761013,1
-9.008620774812526,-9.02669371137752,0
-9.798338685844419,-6.8084503780694865,0
-7.385724095284821,-6.766700795564469,0
11.39518156994947,-0.6156100859081324,1
-8.689081174372358,-10.462390093811646,0
6.0116267501880625,1.4413372514196978,1
-3.5036261234060837,-5.5950097668180465,0
-10.463682815251225,-5.330906004087097,0
-7.016261504094404,-6.176771362935674,0
-6.92008088533167,-5.250185302570714,0
-6.545654698335923,-0.9731975397091936,0
3.837098687833131,1.2959551197121266,1
6.407919351073973,-1.494752526976959,1
-8.5915289654993,-8.075741052419819,0
13.670507872559167,2.723935331011776,1
-5.7894488113403275,-9.509330439870917,0
-7.461621414062126,-4.793521683378177,0
7.30667505439469,-1.1820564986357311,1
-6.6243023542947,-4.946401762105371,0
11.445292949087198,-1.0386882897950733,1
-5.687634717454954,-2.7919192952943663,0
14.492324552915274,-1.6269937850346854,1
17.864621002993964,3.063449757437564,1
6.842599381403117,2.842127921609866,1
-0.22418546342139223,1.4537042801293467,1
12.205746688217936,2.3230857827079916,1
9.71193730361518,0.39597073322328236,1
-8.424394515185663,-7.800535257101374,0
-10.407234282700767,-5.671630408748097,0
15.14678319845127,2.0680825996711203,1
10.915541479714843,-1.635374458846016,1
-6.90672674651343,-5.5371913854893124,0
5.5295077991406965,2.879191825993237,1
7.544491439173208,3.839175001321843,1
-8.774871779450224,-8.359697468916899,0
-4.258078688647229,-5.525499617520948,0
14.141566721898254,1.647316165203274,1
-5.778676339438163,-6.56698631631536,0
8.131724555042743,3.2639820497348833,1
9.125082691322621,2.6602309579783334,1
3.0294282597391184,3.1697343824847275,1
-6.848177611072055,-6.935435789008837,0
-5.300340395211026,-8.607928895710845,0
-5.365827241711118,-9.828237424951745,0
-4.285538339445145,-7.145747618450989,0
-7.580205815901142,-4.023785182161135,0
-8.896869725553024,-8.54360121518309,0
8.17210688985603,1.543653008245236,1
13.352935637077618,5.463473308546205,1
-6.719605921981535,-2.1706905737662887,0
7.420530483359475,3.3007965795530807,1
-6.375840244035635,-9.05388760612708,0
-8.404457240936221,-1.4706178480071035,0
6.34467762549842,3.2299145574654116,1
6.387989068871217,3.0382802459895015,1
-6.513512895455414,-3.9891495440707763,0
-10.86401055692518,-6.988989755805943,0
9.419990930237008,0.02644211262213847,1
-4.065752419628257,-9.241750313741846,0
9.913348880077276,-1.1996086758799365,1
-7.445586376815071,-7.154322495114609,0
-6.232136990195026,-7.368905148169793,0
10.38781648067678,1.440909529647241,1
8.326096068885711,0.6754640536955439,1
-2.7575116618694553,-5.877036421855562,0
-4.7285102610109675,-11.138265617195477,0
14.913756845258124,1.9243794795925235,1
11.332460207530975,2.9460860869828416,1
-6.525337301472302,-9.19667171493386,0
-6.834313004573764,-5.529788296495758,0
9.282647456771262,0.4706636452817897,1
2.151077978696031,-0.4785966167717366,1
-5.5672695103536824,-8.312121535433478,0
8.15029138459784,-2.4644937020186237,1
8.674474749962009,-0.26217762357789454,1
5.730369891755393,2.4355937621700883,1
-5.550140773657123,-2.2046528514201156,0
6.787728292670605,2.573261874224577,1
12.369040553721897,2.8505431775014523,1
-6.508364244837096,-5.253451902207326,0
-9.156328147059101,-7.481795497054757,0
14.8629899611561,1.7778794788621448,1
12.167466444265683,2.4574297995727967,1
-6.252107161626441,-8.255086919938226,0
5.389300233297533,0.8744702421451744,1
-7.873031683212888,-8.555751656137065,0
12.395110905847936,-0.6468660032425309,1
-4.217334172174637,-6.133097023826879,0
-6.328260517801894,-7.075396030573783,0
-8.082418471359649,-8.596216128529178,0
-8.573107862297224,-2.4822333216569827,0
-7.046340979270161,-7.214901064112966,0
-6.424818061069623,-7.605936373741852,0
-6.6440748588551575,-3.6827686052551583,0
-6.172954906508546,-8.300646540481223,0
11.511847025170242,-2.1539516881406966,1
11.679862842164614,2.568066016020551,1
-7.163382758623964,-2.9304480166441067,0
12.36186103675496,-0.8407977633339605,1
-7.109570048777146,-2.9527591719018655,0
6.951807689813656,-0.37714342061722506,1
4.599573637945478,0.40489028667886384,1
11.714073144237737,2.042945985972832,1
-8.378540166885454,-4.345240600756004,0
7.606641440500777,1.156050478631888,1
-8.624345193096769,-3.12258892850649,0
-7.844069019283003,-5.067563890765777,0
12.715523297794778,0.9839479690990475,1
-5.47131271218402,-7.225670341123073,0
10.272230354233427,0.8575999545086873,1
9.058138433412738,1.451428131271759,1
9.03451321128267,0.29265819705097673,1
-4.042617362450545,-8.530551179959103,0
10.462691819927556,0.9956177881268728,1
-6.7475190131534895,-4.759935582538192,0
4.963158139600536,0.69739668286813,1
7.530564843845587,-0.4412191872821465,1
11.374173175295452,0.3958723021904528,1
13.595642204332153,-0.04635937486793673,1
-5.313711852510879,-3.1885292164997536,0
6.756056729068526,-1.7172602844123603,1
-6.400129585158301,-6.649319823664964,0
4.911461268925276,1.0322530140487873,1
-3.981845260985477,-6.341898874714271,0
14.213530201408346,1.6783983988988393,1
10.411168544525445,0.7057726804906721,1
4.89005466202412,0.8473470096543367,1
7.8540157059825155,2.8102330538254723,1
11.560192799443687,-0.2855094037203383,1
-3.870311326154729,-7.492069136694314,0
-3.29918733602353,-3.0000371133222465,0
10.969585339468948,1.7246724903449755,1
8.902981806595267,3.200189224450268,1
-5.399155042558181,-4.083634620449466,0
8.409276418402863,2.234405026063097,1
-9.05247076480276,-8.282924970896929,0
-5.0505429471898395,-6.719009403723518,0
-7.83224930147692,-4.775614227368486,0
6.805487991522657,0.6199527390607089,1
1.9627654157912264,0.9278163174294336,1
8.879178196759835,-1.764098604636616,1
8.61582504684185,1.4679588610010674,1
15.857298006251924,1.607565141156425,1
9.243142117674257,-0.7540285045061665,1
-9.29502109115418,-7.965146054455717,0
8.144463653001424,1.2363368810242434,1
-2.8805324226855586,-4.933675312044132,0
-4.864382103536695,-8.499529416476063,0
-4.490237263178017,-8.081222981857184,0
-6.723274361554856,-4.334250081938952,0
13.420256020164537,-0.14031053466267718,1
9.456958981496399,1.940459278875811,1
-6.811152822958433,-7.995719821159485,0
-6.923316935228829,-5.686925004119349,0
14.528363096524366,4.0475534842587555,1
-4.1389763237663715,-6.175795974520421,0
14.27611687572303,-2.004452962833925,1
-9.08431847559011,-3.050540365972195,0
12.61150541553719,0.6643548395996828,1
-3.9201094133859358,-7.460718005345612,0
-6.635013907505728,-6.119284551806669,0
6.908429761876908,-1.7786848786077925,1
9.727973029733235,2.207924383068094,1
12.273305334425842,0.3447251975713892,1
6.257263343914075,-1.5062886797978736,1
3.0623940306538344,4.1791157593173525,1
10.445563560365263,2.5572953337880193,1
-3.6374458383749335,-5.639530749336979,0
-7.067434232723339,-7.301691419804662,0
12.122123610924923,2.561263755118449,1
-8.389093639288856,-4.184590732436712,0
-6.860882828345443,-4.777877867448099,0
13.10051345534158,0.14557888342888536,1
-5.490419045945293,-7.74574559681102,0
-5.594252222588661,-7.741411699461143,0
14.182782885355639,0.8115112295529638,1
-5.879225252274195,-6.4753059108986815,0
6.82021486155654,1.2303305748602575,1
9.696462581680041,1.63018204452288,1
5.583881069555917,-3.1849610347346635,1
9.234072870751177,4.405918075308451,1
8.581915396263737,-0.5030977060170987,1
-6.029735724891251,-5.7767271653423125,0
12.70953561808059,0.37185849260496406,1
2.4368268723725706,3.307652545279038,1
-6.94085796716562,-4.191647162626267,0
13.58840143095566,1.8459634547999082,1
-8.723394242639587,-5.410925732250526,0
-7.597931535796828,-3.4422175328083844,0
9.452237261461406,2.522499478776892,1
-7.827371201247802,-6.267222830214778,0
-6.631846744256075,-10.74200923250739,0
-5.671553802275632,-6.54773245810559,0
-6.525873020315593,-4.580819710584089,0
13.137009145587543,0.9853665608030568,1
-8.603766687617018,-7.239512929657639,0
14.69683282614248,1.0364179699988934,1
-6.239986042992129,-6.423446987199253,0
16.186840181262397,0.11016923793532174,1
-5.408905051263005,-7.554356863918449,0
-5.928644509201222,-8.404733010835816,0
7.758045861323989,0.23901083094366615,1
-6.815944409785251,-7.578741385860971,0
8.206173431419202,3.137659857327278,1
-3.7218154339671647,-6.911446267007686,0
-4.828741357710193,-5.933920441486747,0
15.550263593302763,-1.5011652240031448,1
-8.895131413827276,-6.938705808620961,0
-6.902816209502961,-4.5453878442580615,0
12.2896315950583,2.6924600731409267,1
-5.787514771467782,-7.814035251804098,0
9.58865544051029,1.0756817751337788,1
-6.711160485020657,-5.177369653434105,0
-3.7911597812727442,-7.484781916797471,0
10.285995838450068,-3.7379407446220245,1
10.502902757991999,1.9719776712907287,1
4.298620952276546,-0.20573102308596192,1
12.8871312251345,0.9190092445659849,1
-5.14411766902569,-5.509596128213537,0
12.86959964898113,0.7143195103575961,1
-7.278061574790914,-8.216922589731961,0
-5.260777170528747,-3.9082270330481528,0
7.208611291962308,-1.0457478019041533,1
0.04036496357042818,-8.640673019807936,0
14.127427726243027,2.5409254258112455,1
17.593018615680414,2.931943989643408,1
-5.25637246006227,-5.656014411449319,0
5.86340111847786,1.170048734310692,1
4.557875590568987,-0.8427117969948248,1
11.559467395489412,3.0612052404235186,1
12.989950141149379,-0.6290318551327183,1
12.754684948071931,1.266569104687397,1
9.421340241170522,4.997381326236436,1
-4.614717799171049,-4.995224615410955,0
-7.098529972342357,-2.7275832391143098,0
-5.90730672941948,-5.436212168136054,0
5.628704360911303,0.27815112170811884,1
3.0395658030145007,1.7129333226191374,1
-3.761377731286942,-7.2772586503012855,0
-1.8049514232615316,-5.774083539096742,0
-8.083383712610784,-3.9157794027176,0
-7.631998385932697,-7.393349826071036,0
-7.629274744456302,-4.512331534551103,0
9.41541451159504,-1.2292138099055405,1
-8.875771220076139,-6.125252106120829,0
7.299073710295811,-0.609432183506835,1
7.311894918324431,4.192911639006166,1
-6.054421915646523,-6.941624839540533,0
13.681242628549507,2.7281219767443616,1
9.35037757873479,0.7484859394326895,1
8.586851174808555,-0.9087075772267108,1
-2.2397346835416503,-5.898481255956981,0
11.852458450399782,0.12973874390062634,1
-5.028642553902474,-6.880392779071878,0
-7.232365511694608,-1.4746336507233364,0
-6.190013010228825,-8.123152157113573,0
-3.0510356804471535,-4.262535462640067,0
-7.250439213913263,-5.91995859390118,0
-4.399363931168247,-8.148590889653477,0
-9.180085743689562,-8.906456083644986,0
5.45634233027237,-2.5709358955756527,1
16.884970184928815,1.11772476434788,1
-7.259936850044097,-6.742047843743618,0
-5.923475717228945,-6.561295970089336,0
-4.175662197117775,-2.8303253969156494,0
-2.1104344736562064,-3.6595258478978443,0
-3.914862470924158,-9.338375015325795,0
-8.659077084325265,-8.655251020547873,0
-5.177016519693834,-3.605755580915435,0
-3.3408249031740658,-5.804752739253333,0
0.8234805163501182,1.3006430487255183,1
8.829281024562624,0.09156676178146284,1
-3.0527926992684433,-6.5417484357957365,0
4.780914818328359,2.3902911749049283,1
-3.478515331925565,-9.38825514932921,0
-5.069113313376374,-8.327374077264334,0
-6.851864681713797,-8.522398572902379,0
5.2263249765339586,-0.9337941519594799,1
-5.181720563347056,-6.628061579981829,0
7.7576774804143245,0.6859336889530603,1
-6.835750891804413,-5.366273819982617,0
-4.646389139714957,-6.24042663667224,0
8.215192121601518,-2.2609218477662485,1
10.532779995489078,-0.41570334955261146,1
-6.958038789781703,-4.9490991504699,0
12.010000270929574,2.283960607466535,1
4.060219743486599,-0.284735685530324,1
8.207474783876744,-2.6445252994110335,1
13.332389654996838,0.09660447503384562,1
-11.089178736224856,-4.175654152761769,0
-7.588254223011529,-6.724764663634948,0
13.08353799018593,1.3015426285215534,1
9.058839451334961,2.9165966419394134,1
-2.1876831256546985,-7.338168719428977,0
-8.591499439234042,-1.5244878774533603,0
12.775988020987192,-2.2943178433918963,1
4.28873020615689,2.604604934564187,1
8.377472406569446,0.78345822129475,1
10.658769496756772,0.7186130428512785,1
-4.9290549673921955,-3.2826858882232868,0
8.468971265065344,-1.7055571305630668,1
6.309774507961404,-0.5593605399583248,1
-6.002049136957628,-5.104255165101563,0
15.504988998623165,2.8816789256850326,1
11.665439933500428,5.258769747054158,1
9.588212336112386,2.9650613048371586,1
14.39048903307311,2.1698411287488195,1
1.268429599626721,2.907840220670934,1
6.392850541246501,1.2667526588632687,1
-5.2222482281226155,-7.4705720114677066,0
-9.467758418029511,-6.362799563548554,0
-4.668123622614508,-4.294620222354664,0
-2.540444352091741,-4.91821712047821,0
12.376516209500238,0.2284101896731825,1
9.371305173917541,2.5341180009424527,1
-7.764773296069149,-6.6543676854774665,0
-7.916556990746567,-10.030172341849493,0
-6.595992600026179,-7.222306149305261,0
17.073104605543065,-3.64228432674979,1
10.902809126656656,-4.2028588966210565,1
7.350966697845337,0.914377306475616,1
11.033246345201718,0.8150213411024573,1
-3.346497849435416,-2.8545799593052252,0
11.505714237549057,0.11687588997561604,1
7.7551395974390065,-0.39471454320313293,1
-5.4785541431152645,-6.990323060040728,0
11.676595397294081,3.314415114730188,1
7.0758401902356045,1.3587344649857895,1
8.188883915913687,4.479093069142217,1
15.15310616277835,0.9907198557307679,1
-8.018417633173886,-6.1711602786874975,0
-7.528512097936953,-3.8980124179509827,0
-4.936917806707891,-7.938407730572601,0
13.119577673148902,0.7925047552533342,1
10.875129334473023,2.6970721509914277,1
-6.222621030585986,-5.983292313281856,0
10.49662377360146,-0.708757185390414,1
8.243861559154777,-1.4643509299180022,1
6.3570838977358495,0.791383545294166,1
-7.395214672438319,-4.1864811931605574,0
6.189825100504587,3.684961175828312,1
5.8870210906138105,1.7456053446351514,1
9.02879968619407,3.737689776277139,1
5.30803855360538,2.4376378283045965,1
-4.137191942410972,-6.410147091672289,0
13.44294988449628,1.4945271079704152,1
8.665925917398784,2.66324360034454,1
-7.236325063440427,-7.708807668297303,0
-6.811597265729912,-6.177226520370639,0
-8.481668323219832,-7.611309044263722,0
14.961130430707001,-2.370941656795915,1
10.497678360417563,3.3044645150454484,1
-5.584516818132728,-3.1370255729534895,0
-3.5981615568117946,-1.6991256407367352,0
-6.35394795313159,-5.987454357561212,0
-6.212691612060569,-4.953052490431921,0
-3.6588819327046593,-8.57680790827756,0
10.008423578881553,0.5114153255754377,1
-7.576698805256231,-8.97008422532002,0
-2.7570447570414034,-4.34821664768875,0
8.131900481357816,0.25767636918976544,1
-4.2506984948408535,-4.198142672493704,0
-6.403369498358477,-7.619376502725888,0
8.562427318324783,3.9963664926641567,1
7.4123710104748,0.011458640371211692,1
20.645049902058705,2.9033952501938245,1
-4.566098298881016,-7.657973924528417,0
8.70131784468601,-0.0032761354943278143,1
-6.3987267666413254,-6.217773115096319,0
-5.6142987670372255,-6.272793333896571,0
-6.936085980337465,-5.425746701305527,0
-9.321027158753854,-6.317212531376211,0
11.39821717295177,0.0537843501499633,1
-7.914246157904933,-5.263856661844384,0
13.859487951547731,-0.6964605587244963,1
-4.857469356758763,-5.951286329389025,0
-5.274902048998523,-6.58742088698372,0
8.13852170549908,1.5598227532614681,1
15.100849458663319,0.3113201709398542,1
11.97472145595482,1.6885901558450782,1
10.039410877520858,5.415359131047942,1
12.779023285724746,4.2981674887070715,1
-6.080003308207942,-4.754720900418585,0
13.19122838030909,1.592896610501361,1
14.085709833766389,-3.9745339100235695,1
-5.720368278588022,-6.07635940992021,0
-5.720629501202446,-4.695567406260851,0
10.147382742418033,-0.4567907350470992,1
15.828071961933375,-0.48999160714960954,1
6.741570158332019,0.17897558388596047,1
10.659657811480429,2.63061689648042,1
-4.341502324996805,-3.9219710189149146,0
-5.7209680738720605,-8.059726343859948,0
2.882758316809219,1.8761098379519465,1
-7.544280396602569,-7.920838961970681,0
15.818400717123412,2.639127105571195,1
8.547856373459192,0.5105862102323455,1
-5.1630655887957655,-3.499574488355814,0
-5.136908122648002,-8.420948172567531,0
-3.7037173570645945,-4.1158073093147856,0
-11.25233127512524,-3.9923968678351036,0
-6.835108316301939,-5.5282514496013615,0
9.12204111106197,1.2967983052323127,1
3.957124220196995,-2.567502993365047,1
-5.2623403611036546,-4.361156813251821,0
11.127481506083106,3.2934812195393555,1
12.477059383387791,3.5974293832696462,1
-4.408346969434405,-6.715729454991951,0
15.443948145969445,-4.953089359318538,1
-3.696250017882308,-8.035207027226825,0
10.367355675398777,2.5774452836236295,1
-8.957256540463462,-7.016966541914322,0
15.48809120849712,-2.3775921153465935,1
8.239374741325618,-2.0116888968898086,1
-5.476237084325625,-6.040601585439166,0
-5.697522272006804,-3.586253315238014,0
-5.260809267552768,-4.393187137055428,0
-7.291081865331965,-9.071418466771558,0
7.365005813497541,4.353539959789367,1
7.016200446555928,1.5153647331597138,1
-9.32481748660261,-4.711198067898458,0
12.69142508353038,1.751114198861568,1
-8.454694975432304,-2.562206259306279,0
-7.140756370280415,-5.555822599228304,0
10.282908234772155,1.479507747340237,1
-5.183399443642968,-6.893919478402107,0
-3.219631780891926,-6.287930995979907,0
7.994263648574534,-0.44575544389794874,1
8.62122395005993,-0.6561000608127188,1
3.7378842277227173,1.6044891233100853,1
-8.497135514146308,-3.7017635767130748,0
-7.199369872449133,-4.732049399231412,0
10.395893459167151,3.4024147976921437,1
-5.861080405150914,-6.206773720415176,0
7.01103561903808,-1.4309171167774615,1
-7.964484681560197,-7.83827005155895,0
-6.241944356446659,-5.679224481902768,0
5.177020087766962,1.9490840133007574,1
-3.1651158290828545,-3.6257656137767738,0
-8.64628482150011,-5.091529483833276,0
6.016165900252485,-0.8663464309485343,1
7.338144610501532,0.251538292357697,1
4.8872017746528655,-1.0984135447435137,1
-5.274278508098498,-5.541809008489162,0
-8.350334929771721,-5.676461336783058,0
-5.13668198311309,-5.059880548496188,0
8.461595775076107,-2.1381536827073693,1
4.007623808353435,0.2976127091374672,1
11.01158242507372,1.4038017389848763,1
10.641699778149457,4.147716006254747,1
-6.050462003414298,-4.973822838331338,0
9.38259168158317,-2.1395432906318406,1
-6.775300648429208,-3.042571973794198,0
19.64617548241163,2.533724271000658,1
-2.657392525523247,-5.973098806596613,0
-5.44402425599708,-6.511896484813463,0
-6.248902776745233,-4.761725172912227,0
-7.981886407270815,-3.960541547982199,0
-8.310154917187363,-7.51787463386198,0
-6.727260387167549,-4.917920102017091,0
11.684068213253406,2.3371737844236327,1
-8.670494665410612,-3.3225364386149345,0
6.715850986168341,0.09939994279983067,1
-6.051307245856064,-6.906468528455656,0
-8.685194805951364,-8.638265670653123,0
10.660497357521514,0.9887181954607703,1
-3.785914646356871,-7.7329864284336844,0
-4.271593964531105,-7.58867479091753,0
-5.251400667842497,-5.778534479156064,0
-4.62993022214208,-10.693192925566802,0
9.233768810448403,4.0119064864761445,1
-8.882484013554794,-7.18741615549237,0
-7.2217852176808295,-5.759504774447572,0
13.28467613438458,1.3162041340701747,1
-7.591915228920574,-5.35747203193546,0
16.510747745201897,2.843536937932789,1
-3.953297575350477,-6.5442295770943195,0
-5.728197892571859,-6.223809139575671,0
9.416240487385657,0.59190352428593,1
11.347983911575907,-1.525856892308016,1
-8.227975301134794,-6.54606510264238,0
-9.237463669581226,-6.22819530796375,0
-6.5740897096910285,-6.7106358090030085,0
-3.361886632250832,-6.853666893017473,0
14.512021848646818,0.25053231238412554,1
-6.319929010629287,-6.741592059136867,0
14.28940530568245,-2.716156187768164,1
7.11401665674701,-1.022263592840483,1
-4.118382195652865,-5.138494867337199,0
-5.659197439784418,-4.8289470583953635,0
7.365937323259055,-0.5749520265094812,1
-4.840572474855642,-6.368400354267235,0
4.767440765709807,2.6840829686080676,1
-6.110033183882395,-7.561881105106589,0
10.755720182983566,0.1409326172595049,1
-8.099932687037102,-5.052189140538513,0
9.004753089306801,1.4500644277978552,1
-6.22988442827614,-5.677735351594029,0
-5.136076149950017,-5.080412216193991,0
-5.791181183462428,-5.939771546271853,0
-8.069555447411684,-7.271111865308217,0
-7.526770102022972,-4.325564526512881,0
12.371978879703274,1.9361611953597724,1
5.08698922389852,3.148852461520529,1
9.012608188027123,-2.378186213790749,1
-6.351494516899846,-6.827390036273491,0
10.788171936560735,2.0687022077116857,1
-6.847385716224207,-4.3008951624097715,0
-6.343321283511155,-5.9291221047246765,0
6.188391401868358,1.3295310006383594,1
-3.2659453070888027,-8.461197044029625,0
10.771281800935613,0.4277166173799388,1
17.086806842765757,0.9946848035738548,1
5.717543313909921,1.720649528156204,1
-5.443906642233438,-7.246955649168229,0
15.548739199030333,4.948560702802746,1
10.62872516490875,2.6849017958077335,1
-7.66174845922694,-3.7194533087368615,0
14.157793284640992,3.1146578466443993,1
18.12791232424108,-0.3274823074984543,1
-4.707827399602996,-4.544146184136367,0
3.6193497519694606,0.3124249024574034,1
-8.471597899735979,-6.668990112679201,0
10.638896743596769,-0.9408472091784492,1
-6.457592852901561,-7.2430733571685115,0
-6.318292914484637,-3.9525230830210316,0
12.197807359275256,0.8171578267289563,1
-7.88208750535243,-6.753178476321267,0
-6.078500383719612,-6.072838621577003,0
4.8381199240401145,0.9083523164481778,1
-5.013869743537519,-6.64117458431437,0
9.21766619114178,2.3928254766789916,1
-9.345466518068065,-5.457865034904588,0
-7.822879274756938,-7.6104558860625895,0
-3.5692289289770622,-3.7495436420162274,0
8.00748904313934,3.8093340227279753,1
8.792423679015688,1.3390542290529588,1
-8.540107939699562,-7.296886487650481,0
9.477761886674516,4.021854082629794,1
-2.0687288462627356,-8.62543389182645,0
13.446182726757636,-0.5438340358626852,1
11.15396775316695,0.6271078076360863,1
7.843164579948363,1.3434144069342189,1
9.14180518202516,2.596947640504201,1
-5.058234439218843,-6.620777720746025,0
-7.414822836931112,-6.0033512847526875,0
-4.924626810515082,-4.057797663454601,0
6.795873725615172,-0.45549531970439405,1
-5.12465230148131,-6.520389217266853,0
-4.6336148226025236,-8.517109187014306,0
9.815371881226014,2.5808644979769397,1
-7.382975105250081,-6.938619799193913,0
-0.20091942920948114,-2.1223886026854686,1
-4.628075326627302,-2.935139599604325,0
-7.08537708615854,-7.343431656078067,0
-6.845596900951432,-3.829439599128884,0
9.786024227996073,1.3757743024364686,1
10.061581846784811,0.8297755389904048,1
10.790640671190916,4.584597340251641,1
7.823975354734058,2.5490202978161873,1
-3.7349441290535057,-5.665793100477976,0
8.029807942776404,1.1114774271033334,1
-6.713116424953006,-7.602438539463872,0
9.175237607336314,0.33825241772899606,1
11.859123177638246,-1.5401672823764194,1
7.032806302161926,0.8433557529611915,1
-5.651715652345433,-2.406051923016256,0
8.127755263959049,1.0299716456824988,1
-5.139293695247923,-5.635859230704733,0
-6.3700330577822974,-3.956840081868287,0
14.791634195747255,1.8497061830237858,1
9.932107737512498,2.6150992046031423,1
11.11043845146879,0.15049534817845522,1
18.115825690960513,5.18184352264235,1
-5.690570794004147,-0.8046881057715112,0
-4.191277846408342,-6.591913772445155,0
12.671475506611808,0.9598501732650104,1
4.173107081799061,1.113919414096892,1
-5.081487494380244,-9.242405035004884,0
-5.732844724320016,-2.610732298091412,0
-5.998317688170724,-5.327142453936506,0
-6.43360014909083,-2.3365855966799294,0
7.680851044552096,-2.3106830897358828,1
13.322489985115364,4.11969244316658,1
7.64054765519078,2.9895844025763454,1
-7.310516487458033,-6.261868547625502,0
-7.981998361400895,-4.111723168213672,0
-5.183955650478113,-3.200923332107087,0
9.959126967063309,1.5330978139813258,1
-5.519822369203255,-5.307994858212524,0
16.30445009049623,-2.6149299706848157,1
-7.964913082586821,-4.459838871631852,0
3.9240406283351907,0.6301983389960215,1
-3.7000169139946295,-7.956041691391791,0
-6.858490202937643,-4.7684106984905075,0
7.66801574449554,1.4466011434688362,1
12.830029672404565,1.2011683858548923,1
-4.525927998499698,-9.490328829527686,0
8.685623088012088,-1.3608757938373763,1
10.26155418799899,-0.8121176087448534,1
10.890884939407691,0.7127713092592918,1
-5.824197283464004,-6.634401576167297,0
7.6024703120900625,0.5046333324095867,1
-5.939474837146169,-2.65857678116038,0
-5.133905598403516,-5.379287406212316,0
15.273757362505902,2.3369601087411347,1
-5.600344985932338,-7.953324333868024,0
8.555065657670317,4.989368911735277,1
11.211942709137944,-0.6277548864887594,1
-6.000095719698304,-10.602225964130728,0
13.389978447662749,0.5342660309265521,1
-8.922655705436924,-7.3081684156284945,0
14.317587902234237,0.3554612604056242,1
-9.51728918554636,-4.705741758182761,0
12.405314892813063,-0.2304127774801792,1
-5.620712456018598,-5.610638020345908,0
11.651734497509512,-1.9069304685649922,1
14.278817448946477,-1.7157567886573641,1
-7.090240219377213,-10.447573577890271,0
-7.1983864039492875,-8.590280170576733,0
-3.0498525577811715,-3.009170334902831,0
8.028696203935587,0.2753634416216535,1
-8.080609655609084,-4.785718044301504,0
-5.794416409846051,-6.85346154135849,0
9.254044206448384,4.817357659911277,1
-5.92884257678069,-6.646847122658697,0
-2.4791235867886194,-5.963966778096866,0
-5.808759061734306,-9.535760521276003,0
-5.922977253398378,-6.072600486770965,0
5.908916033741501,2.472298217361253,1
14.944896500077554,0.9562251128404538,1
8.790379234310809,0.4295359801852371,1
-1.43097097038431,-8.547754362816177,0
8.821427008952949,0.8770948313785598,1
-6.0844463846393575,-6.317609209280239,0
-3.8027414496555423,-7.243787362488825,0
-5.863416195679521,-6.632924830453093,0
-3.76543523901786,-9.894825115296932,0
-6.353311186526214,-4.799554924639653,0
12.864968559749613,1.776915231834783,1
11.747466635695753,3.2690116513487495,1
7.540378247902618,2.011559367180655,1
-7.349151237350372,-8.384073981485818,0
8.561580711044499,3.0390316890197413,1
-5.3509612676808285,-4.463705620829066,0
14.88369879155071,4.29487625433853,1
11.669181530338117,-0.24434697773161074,1
-4.910469408558859,-5.523131097871867,0
20.815835297323353,2.451071466253155,1
5.7796414979673285,3.1194563727797857,1
17.907609188314087,2.3921956042165196,1
-7.453796077912619,-6.761664493879957,0
-5.082766487445724,-5.004067535785719,0
-3.2104702391507653,-7.606948068658189,0
-6.799009678721633,-6.382525769514902,0
-6.495591121250152,-4.61592495586189,0
-4.86823632358964,-5.985691426322558,0
-6.420380239834569,-6.898694751414025,0
18.563534447961324,2.9079247254748153,1
11.087455054124744,0.9381046858825708,1
-4.624426964459207,-5.271280136011618,0
-4.423673910618499,-5.121317683859348,0
20.95991196618418,1.9961710402269746,1
0.8968629338361431,0.7596691957699662,1
-2.92574134668057,-3.831193603097165,0
10.864619416646043,-0.36236101862064074,1
-6.770920563537512,-5.4622838535374925,0
11.27416775666379,2.67387708647699,1
-8.162377046756365,-6.929153523251211,0
-1.6324088357002147,1.0471224843186233,1
15.062930834390432,3.532040973236671,1
-4.834173602929447,-7.112418523282825,0
10.3771211586957,1.3892147171739413,1
-3.480878785696112,-4.5304903184691785,0
8.139941626820582,2.08446441180707,1
-6.432419094806023,-6.915977466792434,0
6.8461022557276285,-1.7874913024418997,1
-7.193632643829828,-6.239491231770955,0
10.386936415835633,0.644023029918068,1
-8.55762932615435,-4.7032830009351745,0
-4.735263790546838,-3.6532660883992274,0
11.020157479012264,-1.835106526957584,1
9.802171791772803,4.596415841023146,1
12.092905270792087,1.4945021370883367,1
10.51633244818132,5.514908142550813,1
-7.655754094951554,-5.88351203884884,0
14.85974890200647,0.6104064463480925,1
9.510475729040781,3.279875069365928,1
-5.823008396299682,-4.629257959711193,0
12.251601399011346,2.1415858729651727,1
-5.599919351251721,-8.865155351254986,0
-3.150266700432783,-6.3260697380304665,0
14.92510323768333,-0.06107719091742325,1
9.246749565752502,0.5550118299493322,1
-9.364887760562684,-5.658417662316103,0
-8.198663608774977,-4.485451428558749,0
6.03500050383313,2.0012709867588314,1
-3.964429473400819,-5.261056978521123,0
-5.876262198284107,-5.691813840405778,0
3.7620696773859743,0.4487411562478818,1
7.32926661748534,1.1346709550570675,1
-9.132014747767885,-7.062420228151139,0
-5.1395099555004755,-9.690124337797638,0
-7.257355505024905,-6.539973236511587,0
11.779210249041762,1.2662035137979029,1
7.931989826124896,-0.6231876393700149,1
-9.775565806349704,-7.543150408439374,0
15.546063063619446,0.23301672161923914,1
-7.708376596752764,-5.877887852373847,0
-6.167875119872461,-5.623649147647522,0
-4.949650912184462,-3.628477654886945,0
10.024211068838978,0.6867653441889099,1
12.729101463830817,-0.9623890169203195,1
-3.80165769711079,-5.838812052841651,0
8.33237130909563,0.36103062851876244,1
13.38435755447553,-1.9149101789321294,1
8.08801898200219,-0.1263049605864197,1
-6.620208973332778,-8.253323190362556,0
-5.259401244546005,-8.429939761633547,0
4.333938599887862,4.107747368236367,1
11.004107720129769,1.555532508825962,1
-3.6809627349857648,-5.181350873192439,0
8.754490290031008,0.5849965738969596,1
-5.9586964204270405,-3.9650824331760424,0
11.909717633751777,3.478931780988322,1
9.372949849052803,1.9164392326127058,1
3.1077012905509687,1.012222468500949,1
-9.955714007317427,-6.932302178025955,0
10.594620215746339,2.632623086153788,1
11.607836296981874,1.3819197208279859,1
8.014217806232084,4.017789731567644,1
-7.869286802105341,-6.424872116723209,0
8.810356185368686,2.7825354511169156,1
3.1053649682411626,-1.8114638182209997,1
-6.80634156673727,-5.802781979035891,0
7.990715933043244,0.7229695859899284,1
-6.346451158440546,-6.731843796014622,0
12.36965378294694,1.5158919177618055,1
4.743478552618219,-0.5624157508308034,1
6.784778158903981,4.388040760722394,1
-6.820557194628134,-4.614069691952565,0
11.493111588256264,3.233809859633219,1
-5.295470839938618,-4.9771490806410466,0
12.632115338079275,-0.31648678422967835,1
-3.2239450822767046,-3.2464203273715024,0
-3.5098028756216353,-4.940655229262221,0
-6.304486457064937,-5.993775312817589,0
5.00853267900156,0.6063020982975711,1
-2.9114030620430165,-4.557317632957975,0
10.578955139614514,-1.195713362370796,1
11.77399012886444,1.061324193900961,1
-4.978485892988938,-5.544863038535473,0
-6.026855118679846,-7.402955736463622,0
-7.906270367860565,-7.8370361387709915,0
-4.6952382232786425,-3.1749338577468,0
13.053645630442432,1.1308722198082812,1
6.910302643763622,-2.3332403390821517,1
-4.196371965268791,-3.9338144551998333,0
-3.573266389565136,-7.171950858858544,0
-7.5330908857363275,-6.830548245666725,0
13.371475055806869,-0.7761640813718016,1
-7.2140562666836,-3.345252743564494,0
-6.7132757941817065,-6.057190702558844,0
-3.4894987261232595,-6.6300753862643,0
10.171307474552227,2.6143131775502297,1
14.471768966727613,-2.3005975829134293,1
10.510251038276703,2.730893783970915,1
12.66810518557489,3.777395741812548,1
-10.168954717487189,-4.408153470358547,0
8.215748773578293,-1.6214353312488075,1
6.903464958010827,1.444892233060398,1
-5.000565980594889,-8.562045669150208,0
9.495507681779133,-0.7565516588118826,1
-5.701013900196681,-9.243432425630566,0
9.139281264328236,-1.1876750777463196,1
13.323581879354498,3.308336355468284,1
-3.9263641224377515,-4.041405344579827,0
-5.0821836787376835,-6.237269609243422,0
-8.046517874004564,-8.36318153123578,0
-2.423237679360024,-6.730338379690377,0
13.409794826682756,0.34569276224755807,1
11.080496950930327,-2.24815926636713,1
-0.2646325415813706,0.46571759432640425,1
5.972332222653648,-0.6299881559677454,1
6.682771056604754,1.2520106702520768,1
-3.3158637293760513,-4.979683963280752,0
-4.5514639764886216,-4.2682868243844085,0
-6.423245213531898,-10.674910508820359,0
-4.646219510614403,-4.420420653106369,0
0.781749248593739,0.7129293492112074,1
10.10550332860579,2.243488896093944,1
12.072697407343163,0.9064040189468769,1
5.691171770814976,1.7123755810116317,1
-6.85645311822581,-5.444398970162811,0
5.653929797775255,0.9482306902342194,1
10.302559556091976,-1.4539872162807055,1
-4.45120001019348,-4.614770514675853,0
-4.241445755412198,-5.993501520211628,0
11.691268830448063,1.8757142789955044,1
9.08639753208941,3.4333036695202392,1
10.825227889738661,4.015689585652967,1
-7.533203528715665,-4.737772225707283,0
-6.4270763592380105,-6.490594184562362,0
11.76596018119899,1.7893779784450692,1
-3.778833622839205,-7.722267980359504,0
1.9439671411087556,1.8638341825508569,1
-6.4408186135478225,-8.853791412000056,0
-3.193180773237397,-4.7875287149110015,0
11.622074916668828,0.9392885153239132,1
10.410690214669884,3.23284801624076,1
-1.4556529138490815,-10.827913361933089,0
15.0430342240959,3.6015018105182475,1
4.712522930890757,3.8472447641783107,1
-2.218605357674758,-4.947680265274157,0
5.7407369966293205,-0.1055390942413248,1
-6.967806249377354,-5.05529036889695,0
-6.017369515102379,-5.224743028997699,0
-4.306940519465904,-7.308186516231618,0
-4.227985325034395,-2.9903309817051595,0
-3.265822411121506,-7.544909029317219,0
-6.823148396207981,-9.243754080538208,0
8.991022226041885,5.2348858383250505,1
8.29355594889244,-2.045182274328655,1
16.817287353450755,3.57324679105108,1
11.16839056328806,2.2457558991000868,1
6.274006557819204,0.30063881971462825,1
-5.802884157442115,-3.6720360606537055,0
12.81334119889443,1.9275846206892433,1
-6.365810847657679,-5.951906658920114,0
11.94497027747278,4.762072425467956,1
-5.505880832108777,-6.518641386922423,0
6.5111278617147,1.4103934234346822,1
15.144669080393147,3.3153812321111316,1
-4.325748523022804,-6.933237321652304,0
7.410886478775227,1.6645939753435213,1
11.54820629843642,0.4599340550969787,1
-5.735861171336282,-1.338562443223939,0
-7.830029084182278,-8.436134125408476,0
8.393164245221259,-0.6359941572146999,1
11.200093642336034,-1.624067679441418,1
15.994259078276428,2.616641561737423,1
-7.0773423432294775,-6.806950589408504,0
-4.623856176158874,-1.1405782966015359,0
10.020268608677002,1.9863405793476243,1
3.3360715206071854,1.2736221185520946,1
12.348022090466369,0.9070076040479399,1
15.310440631993366,-1.225469203771206,1
9.434293481069345,2.869830426034544,1
-3.4441930693013996,-6.251474444408414,0
9.42700521448713,0.9655470098809107,1
-4.490473305071738,-5.514736168218315,0
3.133734642030567,-0.8436360969693459,1
-6.234074155175479,-8.433995510033348,0
4.2404911032126105,-1.0448894693420905,1
13.823136454341457,1.5827190497634263,1
11.042442115253165,3.273161992170014,1
-4.417166339112018,-9.136079719151304,0
14.391142187985395,4.195132756765866,1
5.639406553923455,1.882572866029023,1
18.60557586411585,1.573037583692793,1
-4.560827750760502,-8.771522503544386,0
8.5368324285395,1.3570760435381077,1
-5.636599101334103,-6.015165594697058,0
15.726981387033508,1.6290234143766298,1
-4.545941824894147,-5.999145794830677,0
14.9197977631312,-0.6447193893870089,1
-8.089043820000306,-7.510295801604541,0
18.371470568809887,0.43014176589602093,1
12.395151527196163,2.268886585610921,1
13.643942499182128,-0.9343829733262492,1
-8.264099668242556,-4.138752983860783,0
4.907313613028179,-1.7615988333026498,1
12.486668030115498,1.5118721910321602,1
5.629579649199912,-0.16305070794640963,1
11.999448792481997,0.31551438007874155,1
8.699487036676976,0.9946316685018818,1
19.16656966042612,1.9702089027668237,1
8.065672724465438,-0.6543301618422015,1
12.842052972941477,-0.7425699211670678,1
11.595915783816043,0.8906998021189809,1
14.794560454319026,1.023988052532905,1
-5.814771436513888,-3.795584462039294,0
-8.690118551175921,-1.5934788118584526,0
14.838727317768406,-0.17139847133126884,1
-7.673177415214852,-7.119942595447782,0
11.333327274818567,-3.028455246156124,1
16.699153839596484,-1.3956643309739984,1
-2.788540093538434,-5.566435183643936,0
-6.822215534192239,-5.941040108052147,0
-7.970752725676087,-4.839712922341345,0
-3.059904806561267,-7.5355110215405,0
-8.410059435368288,-5.2248567149752185,0
-3.160094939868766,-7.712396002910778,0
8.899380486505324,0.6165176990088723,1
12.615596246450927,0.5523129281858999,1
13.102265486497064,3.9291945496671214,1
-11.490837367038448,-3.065320373360919,0
12.988252927789988,3.4591692103461487,1
-6.5290415407601365,-7.568743221834465,0
-4.850624056798273,-3.348037292440688,0
-8.122539786221818,-4.1582223367712725,0
-1.8428429750559472,-5.786895202511198,0
-4.840577092011601,-4.634695037260231,0
-1.6107592898644496,-6.772563111787708,0
12.216843165553701,2.3214059272273975,1
-7.2237010635891945,-5.718734820813,0
14.28493488831258,0.9879460913322408,1
-5.154540609252954,-4.565565058687311,0
10.203645329129829,1.3734194308844012,1
6.081903677657921,2.1139687733352726,1
-8.393082445318456,-4.856190083367755,0
-7.525659273767898,-7.833542207869015,0
9.52699158564904,2.43638628599556,1
6.2964520473572545,-0.5546662805149225,1
-5.812094864339375,-4.209135039014801,0
-5.95715115937529,-5.021953458171351,0
14.716872473775364,0.5151648309562757,1
5.124027923884985,1.3461549136148547,1
-4.415668864899346,-5.503865746751649,0
13.311153447007026,1.9163782883371256,1
6.881133288598961,3.130778392317404,1
-5.6113110957063554,-4.203721442816137,0
-6.408612545789902,-7.12692645304542,0
4.414605541045112,3.9666476442779395,1
-5.308012225611755,-5.843425034146844,0
-4.1581531651288035,-2.5250168938685036,0
6.480469295532484,-1.5061589322797997,1
-8.649000783105308,-7.255818123580618,0
17.222288112855566,0.789326370017021,1
10.492781006497486,4.428833039042489,1
-6.499454277263433,-2.5078842776579697,0
-5.382867015562833,-5.195905454239685,0
16.900863404360916,0.9218922844048602,1
-3.911344095050056,-6.284835995780913,0
-5.227599674156777,-5.3871005221102255,0
6.25513616740301,-0.9614975012548745,1
8.586085683687024,-2.12910915751597,1
9.557394757974516,-0.3689957052787187,1
-10.006112329398093,-6.222739840053236,0
10.74946068403778,3.2096860439063946,1
-5.105369524097559,-5.214496707190234,0
3.2204449528406807,1.6860450229846589,1
13.369539592396599,1.992195613281207,1
7.588284431378916,0.35538066102921617,1
4.403069595844704,1.4875474179813413,1
6.198635641425561,0.7269415385855219,1
8.644705805560035,3.7254308029228715,1
13.36467802166075,1.0611883967255322,1
6.200758106999283,0.427183968360045,1
9.959520971672287,2.9952074274318123,1
-5.541129650432709,-4.753185747045427,0
16.458630467893634,5.413771826274007,1
-7.186961499595265,-2.4999775528393227,0
-5.095464100928629,-6.565728438654374,0
-8.739478458351822,-9.356516016881116,0
7.014633522452208,0.5148059028331604,1
-6.159825890210841,-8.989278690725307,0
-6.655403580433175,-2.8908445134714715,0
6.940261485418812,2.4605054376345206,1
9.084907326509562,-3.7063661826197682,1
5.697322261283946,-0.6743245547217855,1
-4.898097063483744,-5.13520682984384,0
7.86047739819561,3.198916240530996,1
-4.29510407202195,-1.4144907848240855,0
9.30775534590549,3.8885079664875772,1
-6.168373576326611,-8.705694199437934,0
2.966021440522045,-0.6023652633008727,1
-6.695320844950414,-8.770848804636783,0
2.492477033544014,-0.6933806056435667,1
6.260375143455365,-0.3253362124298578,1
12.291395898199394,1.5605803055741307,1
-3.992330303699103,-6.914283570949876,0
-4.002984316984663,-7.928508655614583,0
6.974550366530023,-1.2015747519807554,1
-6.720444312846654,-5.760928889280694,0
-5.525992335575324,-4.085078148987006,0
0.0719160662339764,0.28307780147245565,1
9.924662858191187,2.5782910047968888,1
7.822954454683088,1.11040751163885,1
-6.655210432869307,-4.548842391328895,0
-3.526871719788027,-9.580054403390134,0
9.088416678181108,1.6169671770969032,1
-7.03982060106299,-3.703024361560305,0
7.290015753516251,1.7265137465088247,1
-3.5890665061307714,-4.887137221340213,0
6.323317730739966,4.713773222603926,1
10.262078269291823,2.501649297410201,1
-5.508599695935045,-6.301471546728917,0
7.371847476424012,2.0044381008724725,1
16.596162406980017,-0.5297482997233947,1
-7.54819476120036,-4.363113445443463,0
13.250888895180445,0.2557057084846893,1
12.43472202244522,2.18510281439452,1
-5.78092937812654,-9.415579839301573,0
-3.9989572154512043,-1.3832429171445906,0
10.656960392404661,6.011465425519941,1
-4.518983407273987,-7.884744259088325,0
-4.577274729579742,-2.111388008895741,0
-11.021105159398306,-3.104549353527305,0
6.8589688985282145,-0.7135175351630072,1
6.613012516669964,3.4540560827216393,1
7.506324308165221,2.580687990243253,1
-4.918138351027691,-3.3905266762019317,0
6.12354790989593,-1.4677787983309143,1
12.59649350771725,0.4508078229319691,1
13.61655241370242,6.090721304740852,1
-9.214102848047547,-9.358147666915933,0
-9.813496508529902,-4.262230351893745,0
-8.118429830898794,-6.190384901548462,0
-5.17380183890978,-3.357351872173928,0
6.72531707831464,-0.9701032690595444,1
-4.633638931268489,-7.171790580494227,0
10.502392423350107,-2.4378645937380767,1
11.428119084693295,-1.205986292109856,1
-9.410767691992872,-7.061646028098179,0
17.307365342812304,2.8135546102376328,1
-5.390590285872216,-9.425748592733964,0
-5.026786451185886,-5.671395652791905,0
-6.833508452054857,-8.042915880847179,0
13.858478027336051,0.3002535431823049,1
10.178131764680101,3.939986903612329,1
-4.385963659012286,-8.164535087334148,0
-5.546681258102984,-5.246406655018026,0
-4.866190882752846,-9.361247983300078,0
18.25715199688,3.3458731092932013,1
9.294044937461976,2.393795994323705,1
-3.4921212161611797,-3.7672040301065883,0
14.625743273453082,6.261726294892942,1
-1.7269931153274305,-7.013115863400014,0
-7.755259728020562,-9.609574587190775,0
14.65090186128965,1.6507256659427076,1
2.540697040810917,2.513992695559117,1
-5.560605770290557,-7.73003371428538,0
7.3884589716811515,1.2460907286386773,1
-5.322687093174004,-1.5055077884524186,0
-4.36082065023132,-9.837197629762288,0
-6.761381407723681,-9.18289883977898,0
-6.855970307117586,-6.0649011189714495,0
4.558505332313001,3.5023511257718054,1
10.610755577035903,2.0528796410200014,1
11.896514158738073,1.3265953895086404,1
-8.564051256502188,-7.058674089227779,0
6.061856201006545,1.3132387300727582,1
-7.291194086132528,-3.879418996045117,0
12.110671285539656,1.5063126529530628,1
8.646108844298771,-0.5893921314172883,1
-6.826057197126845,-4.138996350135647,0
-5.853685809747895,-0.8539580100601496,0
-6.515027426512678,-2.9642810038949157,0
-4.550215475035687,-6.04814331723073,0
-5.2802692186762465,-7.334663713157681,0
18.997249324637863,1.0599516583915987,1
-8.41962590411378,-8.12403857646315,0
-8.395926353513017,-5.62678485405158,0
-6.7894536594818815,-8.20328725040782,0
-7.802971506526333,-7.413040879848372,0
7.001957834196448,0.48028577375623316,1
4.187638496937602,3.872702896811277,1
-6.820107735668588,-7.256331306581404,0
8.516574070566145,2.5292541769771604,1
9.701796915128792,2.9863114402820434,1
5.647419138883222,3.5484227269604696,1
-6.232705874542392,-4.464389743133267,0
11.945489037419195,-3.7803022046740873,1
12.47460517631622,2.153006384276341,1
-6.710932047173316,-5.4269415388006115,0
-3.714977657385184,-5.853440676237489,0
11.92452751706768,-0.44292723123785627,1
-7.252984879083744,-9.795934819464836,0
11.098360704245804,-0.3669568843053559,1
6.597785897400889,1.5053344776130118,1
6.836829783680594,1.161644832262386,1
6.683962869992895,0.9060144610541165,1
-5.444295592404413,-6.058876036991413,0
13.53094712276216,2.4662152374869972,1
-5.024839227893212,-5.387642036371616,0
-5.9949053066274,-8.079827416315519,0
12.314309928640156,0.6219981025612902,1
2.742533021687117,2.4065997469362563,1
-3.4099183533378303,-7.321280351587244,0
9.76081726442892,1.2876034272900247,1
-5.993081795335043,-2.3136808055663223,0
10.95721038438722,-2.3676868777916695,1
11.01121019806408,0.43268542986785397,1
18.81052065483159,-0.7464400959643729,1
-7.334333753181399,-3.7536261018995902,0
15.534168401242148,2.828819027895193,1
-6.4247445027917385,-6.917737765638928,0
-9.365576815600285,-5.1603635540951664,0
-4.61582706700363,-7.070506988443573,0
-6.575887433563956,-9.187668369719894,0
9.58807520690736,-1.3442194303075583,1
9.767038273169122,2.1692183382956243,1
-5.476570319057285,-3.9179806666998913,0
2.3792355478386185,5.665705905692957,1
-4.662755070844746,-7.810858352043781,0
8.240981693804395,1.936571091046035,1
8.5168645107962,2.0140081268864556,1
-5.936383279431679,-4.743431219725692,0
-8.091634820614512,-2.597218976328128,0
13.660357711882202,2.43865168186366,1
-5.422336210897729,-5.996826903920747,0
-4.017503755397029,-6.304802810652978,0
-6.429903535311441,-6.2814103535341665,0
8.656389401522238,2.176566173898199,1
4.5497911944813625,1.7656378371012513,1
-7.8858450847213595,-5.812036766612312,0
5.812197623287443,1.0394138712403742,1
14.234105559576658,1.7524283249234878,1
5.799543538362916,4.4681949104981555,1
-3.045100436649827,-6.161138687892526,0
-5.4292666004165175,-2.721564268836899,0
10.429940772832799,-1.4816530312090688,1
-1.5255447178230286,-6.015974263858987,0
14.415081662118187,3.724045781047518,1
-5.612824125593321,-3.958394822931107,0
4.268419710678002,0.8568240500882718,1
-6.178486439636882,-3.748410177163515,0
12.934429143410412,-0.3305832730385121,1
3.914223977828973,2.822694173239889,1
6.8519010171415315,0.13216561889068734,1
16.227545844786157,2.732993342842369,1
-5.164479799276689,-5.212574060368867,0
-11.01715711163916,-7.1413523942580825,0
17.72736919491888,2.639543247684297,1
-6.457830023610811,-6.0333350443879965,0
11.806716606521343,0.0672500985961374,1
-7.7954607847137165,-5.664994794905516,0
12.160570842532305,1.6961128416051832,1
-5.139512427231266,-5.473573148642143,0
-3.9179726959710144,-7.843327261045884,0
-4.894197687843377,-4.811102403185018,0
-5.338532090673144,-3.617283777789534,0
13.953122666739352,1.919968763757986,1
-7.127825372199101,-1.823080435567861,0
7.803756987498527,1.6261178280158197,1
-5.348680189927268,-7.00984032651186,0
17.953220572377322,1.8784610797572792,1
-9.775808304784803,-5.920917679212208,0
9.04459242059356,-0.525464806720698,1
-5.738600390065437,-4.671387111417901,0
-7.81718154087177,-6.157417497099748,0
4.45102180974755,1.2104195558711754,1
-5.804475168270357,-5.593087083273137,0
4.410517014312121,1.7504895920804922,1
7.879229896802402,0.810276675559432,1
6.835464584630968,2.1990570017409254,1
11.194184353942624,-0.9081451720626714,1
-1.360581890805407,-2.9154162956636336,0
1.3089149215520663,1.3364743218148605,1
3.2695892683604226,2.1164125227629045,1
10.509636349598635,0.9769165069269276,1
12.37762693660799,2.6890170144976264,1
-5.99739239237497,-3.6138549183928648,0
-8.048541210323277,-6.267374002954714,0
-6.269879864740865,-1.452866722314984,0
11.964267167306955,1.2513831470575005,1
-7.192070675715334,-2.5850306266966414,0
-5.321408276188979,-5.821081804885597,0
13.864573050849698,2.6188861661759084,1
-3.399412380078983,-6.460577868250717,0
-7.478230193461778,-6.234773645186996,0
-9.008302388419356,-1.2591399664873135,0
4.439526729406629,-0.9404269218022747,1
9.044221143461183,0.9418116944261983,1
-7.871437258653625,-6.7171084718585785,0
-6.3813688702478055,-1.9043331724075214,0
9.319016965693939,2.414868622027415,1
-5.681139057264032,-4.844764084094013,0
-5.686136056651131,-5.036987159057768,0
5.890531453469399,1.1368698902742198,1
-2.6613905731752525,-1.791637939749327,0
-8.035699483671856,-4.062299979199707,0
13.198170000126233,1.7585486881028305,1
10.48749127692907,1.7973449542140059,1
7.9331341038784515,-0.5724133220407859,1
-4.490013660167562,-5.481742266050719,0
-5.045778719448142,-6.091459557221423,0
-5.9231917849160745,-7.944440902058317,0
6.045533773890451,2.0759293314464387,1
-6.314562965676573,-9.084518618848728,0
-3.097878567151508,-6.968247376786493,0
-8.687829425981977,-3.5581496123476377,0
5.507096040982311,0.08375897779135177,1
-6.669541839138943,-6.994115434169634,0
-5.361065644497517,-6.008415812610712,0
14.122790347024399,0.8512071477990005,1
-6.9195531121960565,-4.526544304648683,0
6.677082376953349,2.539296089990894,1
14.937767240015454,0.38808162683825387,1
16.319835020953278,2.0568843983427616,1
-4.049991936828215,-9.024736247864247,0
3.9377343391297916,-0.20043196429804766,1
10.34889149466866,-0.6659671814589618,1
7.245048139332056,-0.5058878574423551,1
0.3920198814390261,0.7617919443179182,1
9.387827575754638,1.3771701398163108,1
15.337130452141126,1.1051337941011545,1
-8.052867286511843,-8.06166936484731,0
6.456872082797719,0.6608183730720716,1
-5.924028532131615,-7.043793341254345,0
-4.172924143358323,-3.541636059996277,0
-5.632897623509854,-7.738924206106219,0
-4.8935488517379575,-0.6559382327558625,0
-5.645250274130082,-4.519544821654,0
-6.807462993020958,-7.5658977132382566,0
14.643895358108448,4.011591629626487,1
-8.326574041640919,-7.125781076129872,0
-8.516064381693372,-3.6304332114281417,0
3.488372171481455,0.7309385690615382,1
12.748919589027635,-0.1994032299469093,1
-5.787904119689504,-10.054118349966599,0
6.040851095299717,4.492627276757531,1
-8.228299495285476,-8.14334276651155,0
-6.193352062898452,-4.31514352459361,0
9.754840714755252,1.8549540080199276,1
3.8324812220762547,0.4223113475865381,1
-4.221870070485184,-4.010800439667751,0
-7.548633672989862,-2.684175945341975,0
4.9459103808942135,6.781911654122191,1
5.6738253617947505,2.457503691396517,1
-4.9815781990638275,-1.5780113427005524,0
16.41083671516244,2.706951414735429,1
-7.271930644822862,-9.168055969473127,0
-8.620596628615441,-7.504720523471079,0
-3.964255995230275,-6.153696719290894,0
-5.609680923124986,-6.548657460433713,0
6.394080496794585,1.6581517527957468,1
-6.114183157420352,-7.29863519179237,0
10.665485988889628,-1.0046667090266257,1
-5.6531251665669595,-5.459471203584648,0
-4.203209523789838,-3.7201997501883315,0
12.207008763804426,-1.7817209531631888,1
10.682408576841551,2.256350885133833,1
18.09319557342628,6.079913253632792,1
-6.960030199857534,-6.11461082885853,0
-9.645606988987474,-5.056130753956072,0
-4.878479090918265,-7.397000011648771,0
10.99992831413531,0.21798702036820083,1
-10.864830461751104,-5.978867272673905,0
3.657359132830935,1.2833881603852557,1
-6.15846555528607,-9.062995783125933,0
14.643249510678253,-1.2104559957713814,1
-6.0557388705408455,-5.345437520247174,0
12.841699150926978,1.024815502979113,1
-7.621339726307638,-7.123479170181556,0
16.334746849761245,-0.7837858109351072,1
-3.422414909941866,-5.5874618051673455,0
17.289052191270095,4.846654540467592,1
10.608721104526023,0.8616516781850505,1
-7.3725094392163895,-6.9721042833792914,0
6.0585514480692435,0.3179900105720074,1
9.530913206075791,4.696961164012212,1
-3.788064871453822,-5.209889586484969,0
2.882079050020356,-1.4651805307863053,1
-7.304320036952194,-6.7506272594705745,0
-4.966471281622503,-7.126948207480566,0
9.596404037879415,-0.40868263819861417,1
15.187857634850364,-1.9509436925429564,1
11.926035394139976,1.8283943331186427,1
-6.967590118899247,-5.367204061009816,0
0.19737104090243562,-6.416998823269407,0
-6.415560731199584,-3.0921585358452326,0
14.36452129012861,4.649821794454732,1
5.480507210490452,2.662675481296656,1
10.941561750335625,-0.9104211898759744,1
9.992455503520048,-0.08938735102594109,1
9.28335801722006,-3.5583718197106453,1
8.006198838469741,3.094046528325342,1
12.63003911463429,1.8469313516673718,1
-6.862066455130005,-3.079547397835132,0
10.378007833232783,0.4577142123196668,1
10.22554378806595,1.4533880401755117,1
10.794532839737215,1.1777188806693293,1
-3.3242721632392276,-3.7305453056856868,0
14.828808782096223,0.7255831273139544,1
9.757765972366723,-0.6675424178211171,1
5.981178436344834,0.8837590062184442,1
-7.076223498378211,-7.249143821397975,0
-3.7018003103736628,-8.312626021347471,0
-6.4113580916418185,-4.853948698501791,0
-5.240563782282241,-6.362011958931492,0
12.867316562370366,0.931892078355263,1
-5.62697454620402,-5.253635834921131,0
3.642861780858885,0.8698384528885358,1
15.03291529174506,-1.2186607512100434,1
12.51541075964803,0.5719924625325294,1
8.960833698001101,5.479839139729963,1
-5.88407127152734,-3.2663412937639706,0
-6.242505161541716,-5.093241994439609,0
-7.400048748047246,-4.222715672778401,0
-6.557505254413392,-5.313591354871827,0
-5.896693388031758,-3.458023657712487,0
11.122306691068728,-0.042601496871665256,1
-7.007976250515463,-9.99792345804107,0
7.374214182171492,-0.0002537992334670225,1
-5.411721989400348,-5.234504324138571,0
-10.664432700109966,-5.929170384016314,0
14.65574130575364,3.2870963906903166,1
-6.274848449340114,-4.911360002914155,0
5.506050033910654,0.4085717182005235,1
-6.472551598088889,-5.902009681975135,0
-7.3016251500171485,-8.333211223830435,0
12.422774584429852,3.8600137711442915,1
8.181322584487406,-1.025476868680527,1
-7.413683377914008,-5.718134022726609,0
-2.856571452341591,-8.647341625643216,0
-6.6520588024643015,-3.765926742430824,0
-9.883822016506224,-7.525846319575604,0
-6.89508582311373,-7.25092018632167,0
7.681297284117035,-3.0145495072272217,1
10.229848676604385,0.9222587348343818,1
9.458881249032203,3.6638125683386393,1
-10.653044613657702,-6.566987148053436,0
11.408377842454337,1.0553487519836067,1
7.223606789923096,0.6662173099092632,1
10.131150078954082,0.38975339136261766,1
8.038205398531966,-2.093797422645396,1
-5.499274434047952,-5.255789072712049,0
-3.72238071076723,-6.49339232405481,0
-6.425669740152143,-8.908025188714944,0
13.465667175931056,0.7509091985880236,1
-8.9888606870698,-6.119359064361361,0
3.4297910648471968,1.370706252344358,1
-8.759690603445165,-5.979015881990622,0
-10.16502044638218,-0.9717792891450756,0
-7.127324315929699,-6.128783853981307,0
-6.149578400196542,-7.98216928551245,0
-5.845067438030946,-7.622856560349628,0
8.799239708513966,-0.16620556218654237,1
-6.23519865678692,-10.260552635066915,0
3.217193887322753,1.8819937424250084,1
4.45869191644213,6.115105239272777,1
6.845692516846242,1.1173356740940696,1
3.8453245421263897,0.16412413682839022,1
8.038798367313689,3.3180109906667625,1
-5.239116885432798,-6.109579299249939,0
18.582522077156238,1.0092419254264315,1
-6.371270103861657,-4.749332527166498,0
-8.133762716459305,-6.908570688258211,0
-0.12600106497440322,-0.9410380678348922,1
-7.984201806908477,-4.419612375185542,0
12.652775608661901,0.3334607481312454,1
-6.377644500139194,-4.755593983019987,0
-6.07566408133668,-2.134064596497919,0
11.656099622545947,2.777845736024963,1
14.80170114438835,1.7703457354449692,1
8.038505784880599,-0.04087612086186865,1
11.47690436250624,-0.23473591794594073,1
-7.4405719152863785,-8.417553944720748,0
-8.4966747467407,-8.50576535522916,0
7.127309544015457,2.2538944832036574,1
5.976295974638605,-2.1467613621667923,1
-6.210938379661669,-5.0502585298437666,0
8.085544473912305,0.6610918152804254,1
8.992251774702847,0.14217385661788107,1
-6.4616304324210905,-6.455024113221432,0
-2.549984096607957,-3.5757341135466434,0
-1.1553918872137547,-5.540237660949365,0
-6.5896206504771,-6.249322722186433,0
-5.816782560288265,-7.892011106340402,0
-5.509323881428001,-6.666364342881264,0
-2.1447124588762847,-6.643498759324748,0
5.683440379970137,2.8304657987338766,1
12.828772168956409,-0.2156132918590128,1
13.493966963675302,3.6031062139126577,1
8.601075991563432,-2.2756351314497327,1
8.881664537610607,2.052775318702386,1
6.20193194289668,1.4805846315555864,1
-5.764080273979731,-7.7995189187483165,0
4.75920449395341,0.5674996504576635,1
-7.050095785323261,-6.6196395411591045,0
-6.553895660853323,-5.142538348416061,0
-6.851362084954947,-6.310031245769941,0
9.95057747774591,-1.5698158122028678,1
5.360183668071155,1.3864191270881365,1
5.306712028760125,2.1857518302079586,1
-9.654355981262732,-8.232407420821433,0
-8.76914852102044,-6.185486617565536,0
12.464038484745657,0.3803161668286045,1
10.34439470017227,1.5804255428742384,1
4.740410466882366,1.4734947866743198,1
-2.388151026770622,-5.595123041605769,0
6.871906635240174,1.8852904468349383,1
-6.421736656104958,-3.6858389764586272,0
-5.106045710477835,-4.960247022031507,0
-5.729707242896187,-6.8015004326748,0
11.825394776420437,1.0427373374597295,1
17.49659845422713,-0.6910899224709222,1
8.496902639230214,-2.434432019721756,1
-5.885143580744091,-7.2400109783946105,0
9.616018383549278,0.586087534544968,1
5.864790033017232,0.6598021098992002,1
0.4445557222703904,-1.0313812632374106,1
-6.80022553697445,-1.1729442934635799,0
11.587158732435206,0.20295131602100625,1
-3.913685606388566,-3.125666202681648,0
-3.450700023779828,-6.043964884309643,0
-7.185514312120984,-5.642841795765789,0
-8.523543063666988,-9.781085786769559,0
5.941679390159812,2.82289045078675,1
-3.7091779157274734,-6.859188801529365,0
20.67464215372805,2.1309429855734816,1
15.523107913733359,2.3767863341366224,1
-7.736451122961638,-1.7904256614706373,0
-7.342531074854428,-3.965397324027538,0
11.546383550145853,-2.583463787161813,1
20.16078521884073,3.191479742157586,1
11.453226229002517,-1.6821606543402061,1
14.837762195090075,2.0107481406546484,1
-4.24207972083534,-7.3696829095045775,0
9.58233491891173,0.8734141733696414,1
-7.548352570984704,-5.499129119158759,0
11.397560121400225,-0.4959795142758967,1
14.11160108622867,3.5411312720454555,1
-9.050745305078946,-7.7194894902634505,0
-4.728680775225017,-2.5387205300208184,0
-5.745342304353931,-6.457969899593252,0
6.741494126394054,-0.682890378537417,1
-5.146451157602931,-7.689202364791214,0
-8.8607078592541,-3.0775357467783353,0
-6.22474694865267,-6.652504316423328,0
9.445566933979233,-0.1697967482648559,1
16.419136921632425,1.7477342794740434,1
3.5536783643881726,1.8614557469165707,1
-7.8254067642030005,-8.640520078795726,0
2.8742383893394114,1.1555762509596126,1
-2.246542727788563,-7.6043342955006095,0
-3.9177035642040945,-5.636587060797175,0
-4.8378743600422345,-5.709909482878919,0
9.546513411678095,-0.25321437575751204,1
-4.688157265263227,-2.6926053599419077,0
8.275731425637302,4.445783505743794,1
9.150463024250465,1.3000618334209204,1
-9.227850599139991,-6.893420341982443,0
8.001456439083803,3.705815299837045,1
-6.037410834807573,-6.297969331915324,0
6.78783306564428,3.610226001443797,1
-3.870387167493635,-3.2768644725315923,0
-3.2906052990323893,-5.525218023631734,0
-5.334936885459308,-3.631664715283029,0
13.498664836345155,0.18548258368180548,1
10.078899654637231,1.8893265962351111,1
8.086322427980743,2.3303668279595042,1
-1.968424564600837,-8.960786883213292,0
-2.423017754533599,-5.666519654192847,0
-10.780082356569629,-2.580719563843301,0
16.075239080039466,2.512261463829594,1
8.625633923397622,-1.2952995538859056,1
8.579839592713856,1.4486123195611615,1
17.55444398473002,2.6667623661442263,1
-3.5489749336680454,-7.58398161740574,0
-7.214753897285916,-5.717179780812971,0
-9.573399535161048,-7.423291690721427,0
-3.9963155893482867,-3.1824330532063883,0
-5.5049414248036665,-4.071443290637349,0
18.96831450544726,1.8022503086878552,1
6.435650291763723,2.249113240538672,1
18.191264186573925,1.762612822257341,1
7.905525734095999,4.023532827649394,1
-7.207913414464094,-7.5010571564373825,0
7.27767206475691,-0.46300385618444384,1
-5.712217190553105,-7.146988400139936,0
16.180970639728283,0.4112341819506873,1
-5.06727571790269,-3.5933272920314274,0
7.299769028470011,0.17544042126559423,1
-3.8084232342685,-2.121791638710421,0
6.3628486596691705,2.537295764568568,1
11.895284867464428,0.6543290218289168,1
12.458903694078533,0.7664916944042053,1
11.550251883387155,-1.8502809460151854,1
